"sku","slug","style_name","style_slug","product_name_zh","category","variant","color_or_option","price_eur","dimensions","package_dimensions","weight_kg","stock","material","packaging_method","rebound_time","main_image_source","detail_image_source","import_status"
"BS-CHAMELEONMARIOSOFA-01","chameleon-mario-sofa-01","变色龙（马里奥）沙发","chameleon-mario-sofa","变色龙（马里奥）沙发 多色组合","combo","多色组合","多色组合","","","","","","","真空压缩包装，待厂家确认","24-72 小时，待厂家确认","D:\沙发网站\厂家资料-待整理\主图\变色龙（马里奥）沙发\变色龙（马里奥）沙发_原始素材_07_变色龙（马里奥）沙发_多色组合_主图.png","D:\沙发网站\厂家资料-待整理\详情图\变色龙（马里奥）沙发\变色龙（马里奥）沙发_详情图_08_style-reference-long-hires.jpg","draft_needs_price_specs"
"BS-CHAMELEONMARIOSOFA-02","chameleon-mario-sofa-02","变色龙（马里奥）沙发","chameleon-mario-sofa","变色龙（马里奥）沙发 红色 / 带扶手","single","红色 / 带扶手","红色 / 带扶手","","","","","","","真空压缩包装，待厂家确认","24-72 小时，待厂家确认","D:\沙发网站\厂家资料-待整理\主图\变色龙（马里奥）沙发\变色龙（马里奥）沙发_原始素材_08_变色龙（马里奥）沙发_红色_带扶手_主图.png","D:\沙发网站\厂家资料-待整理\详情图\变色龙（马里奥）沙发\变色龙（马里奥）沙发_详情图_08_style-reference-long-hires.jpg","draft_needs_price_specs"
"BS-CHAMELEONMARIOSOFA-03","chameleon-mario-sofa-03","变色龙（马里奥）沙发","chameleon-mario-sofa","变色龙（马里奥）沙发 红色 / 无扶手","single","红色 / 无扶手","红色 / 无扶手","","","","","","","真空压缩包装，待厂家确认","24-72 小时，待厂家确认","D:\沙发网站\厂家资料-待整理\主图\变色龙（马里奥）沙发\变色龙（马里奥）沙发_原始素材_09_变色龙（马里奥）沙发_红色_无扶手_主图.png","D:\沙发网站\厂家资料-待整理\详情图\变色龙（马里奥）沙发\变色龙（马里奥）沙发_详情图_08_style-reference-long-hires.jpg","draft_needs_price_specs"
"BS-CHAMELEONMARIOSOFA-04","chameleon-mario-sofa-04","变色龙（马里奥）沙发","chameleon-mario-sofa","变色龙（马里奥）沙发 绿色 / 带扶手","single","绿色 / 带扶手","绿色 / 带扶手","","","","","","","真空压缩包装，待厂家确认","24-72 小时，待厂家确认","D:\沙发网站\厂家资料-待整理\主图\变色龙（马里奥）沙发\变色龙（马里奥）沙发_原始素材_10_变色龙（马里奥）沙发_绿色_带扶手_主图.png","D:\沙发网站\厂家资料-待整理\详情图\变色龙（马里奥）沙发\变色龙（马里奥）沙发_详情图_08_style-reference-long-hires.jpg","draft_needs_price_specs"
"BS-CHAMELEONMARIOSOFA-05","chameleon-mario-sofa-05","变色龙（马里奥）沙发","chameleon-mario-sofa","变色龙（马里奥）沙发 绿色 / 无扶手","single","绿色 / 无扶手","绿色 / 无扶手","","","","","","","真空压缩包装，待厂家确认","24-72 小时，待厂家确认","D:\沙发网站\厂家资料-待整理\主图\变色龙（马里奥）沙发\变色龙（马里奥）沙发_原始素材_11_变色龙（马里奥）沙发_绿色_无扶手_主图.png","D:\沙发网站\厂家资料-待整理\详情图\变色龙（马里奥）沙发\变色龙（马里奥）沙发_详情图_08_style-reference-long-hires.jpg","draft_needs_price_specs"
"BS-CHAMELEONMARIOSOFA-06","chameleon-mario-sofa-06","变色龙（马里奥）沙发","chameleon-mario-sofa","变色龙（马里奥）沙发 米白色 / 带扶手","single","米白色 / 带扶手","米白色 / 带扶手","","","","","","","真空压缩包装，待厂家确认","24-72 小时，待厂家确认","D:\沙发网站\厂家资料-待整理\主图\变色龙（马里奥）沙发\变色龙（马里奥）沙发_原始素材_12_变色龙（马里奥）沙发_米白色_带扶手_主图.png","D:\沙发网站\厂家资料-待整理\详情图\变色龙（马里奥）沙发\变色龙（马里奥）沙发_详情图_08_style-reference-long-hires.jpg","draft_needs_price_specs"
"BS-CHAMELEONMARIOSOFA-07","chameleon-mario-sofa-07","变色龙（马里奥）沙发","chameleon-mario-sofa","变色龙（马里奥）沙发 米白色 / 无扶手","single","米白色 / 无扶手","米白色 / 无扶手","","","","","","","真空压缩包装，待厂家确认","24-72 小时，待厂家确认","D:\沙发网站\厂家资料-待整理\主图\变色龙（马里奥）沙发\变色龙（马里奥）沙发_原始素材_13_变色龙（马里奥）沙发_米白色_无扶手_主图.png","D:\沙发网站\厂家资料-待整理\详情图\变色龙（马里奥）沙发\变色龙（马里奥）沙发_详情图_08_style-reference-long-hires.jpg","draft_needs_price_specs"
"BS-CHAMELEONMARIOSOFA-08","chameleon-mario-sofa-08","变色龙（马里奥）沙发","chameleon-mario-sofa","变色龙（马里奥）沙发 三色组合 / 带扶手","combo","三色组合 / 带扶手","三色组合 / 带扶手","","","","","","","真空压缩包装，待厂家确认","24-72 小时，待厂家确认","D:\沙发网站\厂家资料-待整理\主图\变色龙（马里奥）沙发\变色龙（马里奥）沙发_原始素材_14_变色龙（马里奥）沙发_三色组合_带扶手_主图.png","D:\沙发网站\厂家资料-待整理\详情图\变色龙（马里奥）沙发\变色龙（马里奥）沙发_详情图_08_style-reference-long-hires.jpg","draft_needs_price_specs"
"BS-SINGLE029FLEECE-01","single-029-fleece-01","单人029兔绒","single-029-fleece","单人029兔绒","single","标准款","标准款","","","","","","","真空压缩包装，待厂家确认","24-72 小时，待厂家确认","D:\沙发网站\厂家资料-待整理\主图\单人029兔绒\单人029兔绒_原始素材_07_NanoBanana-2026-06-30.png","D:\沙发网站\厂家资料-待整理\详情图\单人029兔绒\单人029兔绒_详情图_02_NanoBanana-2026-06-30_(1)_修正版_尺寸图重做.png","draft_needs_price_specs"
"BS-SINGLE029FLEECE-02","single-029-fleece-02","单人029兔绒","single-029-fleece","单人029兔绒 多色组合","combo","多色组合","多色组合","","","","","","","真空压缩包装，待厂家确认","24-72 小时，待厂家确认","D:\沙发网站\厂家资料-待整理\主图\单人029兔绒\单人029兔绒_原始素材_08_单人029兔绒_多色组合_主图.png","D:\沙发网站\厂家资料-待整理\详情图\单人029兔绒\单人029兔绒_详情图_02_NanoBanana-2026-06-30_(1)_修正版_尺寸图重做.png","draft_needs_price_specs"
"BS-SINGLE029FLEECE-03","single-029-fleece-03","单人029兔绒","single-029-fleece","单人029兔绒 黑色","single","黑色","黑色","","","","","","","真空压缩包装，待厂家确认","24-72 小时，待厂家确认","D:\沙发网站\厂家资料-待整理\主图\单人029兔绒\单人029兔绒_原始素材_09_单人029兔绒_黑色_主图.png","D:\沙发网站\厂家资料-待整理\详情图\单人029兔绒\单人029兔绒_详情图_02_NanoBanana-2026-06-30_(1)_修正版_尺寸图重做.png","draft_needs_price_specs"
"BS-SINGLE029FLEECE-04","single-029-fleece-04","单人029兔绒","single-029-fleece","单人029兔绒 姜黄色","single","姜黄色","姜黄色","","","","","","","真空压缩包装，待厂家确认","24-72 小时，待厂家确认","D:\沙发网站\厂家资料-待整理\主图\单人029兔绒\单人029兔绒_原始素材_10_单人029兔绒_姜黄色_主图.png","D:\沙发网站\厂家资料-待整理\详情图\单人029兔绒\单人029兔绒_详情图_02_NanoBanana-2026-06-30_(1)_修正版_尺寸图重做.png","draft_needs_price_specs"
"BS-SINGLE029FLEECE-05","single-029-fleece-05","单人029兔绒","single-029-fleece","单人029兔绒 米白色","single","米白色","米白色","","","","","","","真空压缩包装，待厂家确认","24-72 小时，待厂家确认","D:\沙发网站\厂家资料-待整理\主图\单人029兔绒\单人029兔绒_原始素材_11_单人029兔绒_米白色_主图.png","D:\沙发网站\厂家资料-待整理\详情图\单人029兔绒\单人029兔绒_详情图_02_NanoBanana-2026-06-30_(1)_修正版_尺寸图重做.png","draft_needs_price_specs"
"BS-EGGSHELLSOFA-01","eggshell-sofa-01","蛋壳沙发","eggshell-sofa","蛋壳沙发 豆绿色 / 沙发状态","single","豆绿色 / 沙发状态","豆绿色 / 沙发状态","","","","","","","真空压缩包装，待厂家确认","24-72 小时，待厂家确认","D:\沙发网站\厂家资料-待整理\主图\蛋壳沙发\蛋壳沙发_原始素材_03_蛋壳沙发_豆绿色_沙发状态_主图.png","D:\沙发网站\厂家资料-待整理\详情图\蛋壳沙发\蛋壳沙发_详情图_01_NanoBanana-2026-06-30_(2).jpg","draft_needs_price_specs"
"BS-EGGSHELLSOFA-02","eggshell-sofa-02","蛋壳沙发","eggshell-sofa","蛋壳沙发 豆绿色 / 躺卧状态","single","豆绿色 / 躺卧状态","豆绿色 / 躺卧状态","","","","","","","真空压缩包装，待厂家确认","24-72 小时，待厂家确认","D:\沙发网站\厂家资料-待整理\主图\蛋壳沙发\蛋壳沙发_原始素材_04_蛋壳沙发_豆绿色_躺卧状态_主图.png","D:\沙发网站\厂家资料-待整理\详情图\蛋壳沙发\蛋壳沙发_详情图_01_NanoBanana-2026-06-30_(2).jpg","draft_needs_price_specs"
"BS-EGGSHELLSOFA-03","eggshell-sofa-03","蛋壳沙发","eggshell-sofa","蛋壳沙发 灰色 / 沙发状态","single","灰色 / 沙发状态","灰色 / 沙发状态","","","","","","","真空压缩包装，待厂家确认","24-72 小时，待厂家确认","D:\沙发网站\厂家资料-待整理\主图\蛋壳沙发\蛋壳沙发_原始素材_05_蛋壳沙发_灰色_沙发状态_主图.png","D:\沙发网站\厂家资料-待整理\详情图\蛋壳沙发\蛋壳沙发_详情图_01_NanoBanana-2026-06-30_(2).jpg","draft_needs_price_specs"
"BS-EGGSHELLSOFA-04","eggshell-sofa-04","蛋壳沙发","eggshell-sofa","蛋壳沙发 灰色 / 躺卧状态","single","灰色 / 躺卧状态","灰色 / 躺卧状态","","","","","","","真空压缩包装，待厂家确认","24-72 小时，待厂家确认","D:\沙发网站\厂家资料-待整理\主图\蛋壳沙发\蛋壳沙发_原始素材_06_蛋壳沙发_灰色_躺卧状态_主图.png","D:\沙发网站\厂家资料-待整理\详情图\蛋壳沙发\蛋壳沙发_详情图_01_NanoBanana-2026-06-30_(2).jpg","draft_needs_price_specs"
"BS-EGGSHELLSOFA-05","eggshell-sofa-05","蛋壳沙发","eggshell-sofa","蛋壳沙发 灰色","single","灰色","灰色","","","","","","","真空压缩包装，待厂家确认","24-72 小时，待厂家确认","D:\沙发网站\厂家资料-待整理\主图\蛋壳沙发\蛋壳沙发_原始素材_07_蛋壳沙发_灰色_主图.png","D:\沙发网站\厂家资料-待整理\详情图\蛋壳沙发\蛋壳沙发_详情图_01_NanoBanana-2026-06-30_(2).jpg","draft_needs_price_specs"
"BS-EGGSHELLSOFA-06","eggshell-sofa-06","蛋壳沙发","eggshell-sofa","蛋壳沙发 蓝色 / 沙发状态","single","蓝色 / 沙发状态","蓝色 / 沙发状态","","","","","","","真空压缩包装，待厂家确认","24-72 小时，待厂家确认","D:\沙发网站\厂家资料-待整理\主图\蛋壳沙发\蛋壳沙发_原始素材_08_蛋壳沙发_蓝色_沙发状态_主图.png","D:\沙发网站\厂家资料-待整理\详情图\蛋壳沙发\蛋壳沙发_详情图_01_NanoBanana-2026-06-30_(2).jpg","draft_needs_price_specs"
"BS-EGGSHELLSOFA-07","eggshell-sofa-07","蛋壳沙发","eggshell-sofa","蛋壳沙发 蓝色 / 躺卧状态","single","蓝色 / 躺卧状态","蓝色 / 躺卧状态","","","","","","","真空压缩包装，待厂家确认","24-72 小时，待厂家确认","D:\沙发网站\厂家资料-待整理\主图\蛋壳沙发\蛋壳沙发_原始素材_09_蛋壳沙发_蓝色_躺卧状态_主图.png","D:\沙发网站\厂家资料-待整理\详情图\蛋壳沙发\蛋壳沙发_详情图_01_NanoBanana-2026-06-30_(2).jpg","draft_needs_price_specs"
"BS-TOFUHIGHBACKSOFA-01","tofu-highback-sofa-01","豆腐块高靠沙发1","tofu-highback-sofa","豆腐块高靠沙发1 多色组合 / 带脚垫","combo","多色组合 / 带脚垫","多色组合 / 带脚垫","","","","","","","真空压缩包装，待厂家确认","24-72 小时，待厂家确认","D:\沙发网站\厂家资料-待整理\主图\豆腐块高靠沙发1\豆腐块高靠沙发1_原始素材_26_豆腐块高靠沙发1_多色组合_带脚垫_主图.png","D:\沙发网站\厂家资料-待整理\详情图\豆腐块高靠沙发1\豆腐块高靠沙发1_原始素材_23_DPP_11664829.jpg","draft_needs_price_specs"
"BS-TOFUHIGHBACKSOFA-02","tofu-highback-sofa-02","豆腐块高靠沙发1","tofu-highback-sofa","豆腐块高靠沙发1 多色组合","combo","多色组合","多色组合","","","","","","","真空压缩包装，待厂家确认","24-72 小时，待厂家确认","D:\沙发网站\厂家资料-待整理\主图\豆腐块高靠沙发1\豆腐块高靠沙发1_原始素材_27_豆腐块高靠沙发1_多色组合_主图.png","D:\沙发网站\厂家资料-待整理\详情图\豆腐块高靠沙发1\豆腐块高靠沙发1_原始素材_23_DPP_11664829.jpg","draft_needs_price_specs"
"BS-TOFUHIGHBACKSOFA-03","tofu-highback-sofa-03","豆腐块高靠沙发1","tofu-highback-sofa","豆腐块高靠沙发1 卡其黄色","single","卡其黄色","卡其黄色","","","","","","","真空压缩包装，待厂家确认","24-72 小时，待厂家确认","D:\沙发网站\厂家资料-待整理\主图\豆腐块高靠沙发1\豆腐块高靠沙发1_原始素材_28_豆腐块高靠沙发1_卡其黄色_主图.png","D:\沙发网站\厂家资料-待整理\详情图\豆腐块高靠沙发1\豆腐块高靠沙发1_原始素材_23_DPP_11664829.jpg","draft_needs_price_specs"
"BS-TOFUHIGHBACKSOFA-04","tofu-highback-sofa-04","豆腐块高靠沙发1","tofu-highback-sofa","豆腐块高靠沙发1 米白色","single","米白色","米白色","","","","","","","真空压缩包装，待厂家确认","24-72 小时，待厂家确认","D:\沙发网站\厂家资料-待整理\主图\豆腐块高靠沙发1\豆腐块高靠沙发1_原始素材_29_豆腐块高靠沙发1_米白色_主图.png","D:\沙发网站\厂家资料-待整理\详情图\豆腐块高靠沙发1\豆腐块高靠沙发1_原始素材_23_DPP_11664829.jpg","draft_needs_price_specs"
"BS-TOFUHIGHBACKSOFA-05","tofu-highback-sofa-05","豆腐块高靠沙发1","tofu-highback-sofa","豆腐块高靠沙发1 深灰色","single","深灰色","深灰色","","","","","","","真空压缩包装，待厂家确认","24-72 小时，待厂家确认","D:\沙发网站\厂家资料-待整理\主图\豆腐块高靠沙发1\豆腐块高靠沙发1_原始素材_30_豆腐块高靠沙发1_深灰色_主图.png","D:\沙发网站\厂家资料-待整理\详情图\豆腐块高靠沙发1\豆腐块高靠沙发1_原始素材_23_DPP_11664829.jpg","draft_needs_price_specs"
"BS-TOFUHIGHBACKSOFA-06","tofu-highback-sofa-06","豆腐块高靠沙发1","tofu-highback-sofa","豆腐块高靠沙发1 主图","single","主图","主图","","","","","","","真空压缩包装，待厂家确认","24-72 小时，待厂家确认","D:\沙发网站\厂家资料-待整理\主图\豆腐块高靠沙发1\豆腐块高靠沙发1_原始素材_31_豆腐块高靠沙发1_主图.png","D:\沙发网站\厂家资料-待整理\详情图\豆腐块高靠沙发1\豆腐块高靠沙发1_原始素材_23_DPP_11664829.jpg","draft_needs_price_specs"
"BS-TOFUHIGHBACKSOFA-07","tofu-highback-sofa-07","豆腐块高靠沙发1","tofu-highback-sofa","豆腐块高靠沙发1","single","标准款","标准款","","","","","","","真空压缩包装，待厂家确认","24-72 小时，待厂家确认","D:\沙发网站\厂家资料-待整理\主图\豆腐块高靠沙发1\豆腐块高靠沙发1_原始素材_32_微信图片_2025-07-16_173015_465.jpg","D:\沙发网站\厂家资料-待整理\详情图\豆腐块高靠沙发1\豆腐块高靠沙发1_原始素材_23_DPP_11664829.jpg","draft_needs_price_specs"
"BS-TOFUHIGHBACKSOFA-08","tofu-highback-sofa-08","豆腐块高靠沙发1","tofu-highback-sofa","豆腐块高靠沙发1","single","标准款","标准款","","","","","","","真空压缩包装，待厂家确认","24-72 小时，待厂家确认","D:\沙发网站\厂家资料-待整理\主图\豆腐块高靠沙发1\豆腐块高靠沙发1_原始素材_33_微信图片_2025-07-16_173018_993.jpg","D:\沙发网站\厂家资料-待整理\详情图\豆腐块高靠沙发1\豆腐块高靠沙发1_原始素材_23_DPP_11664829.jpg","draft_needs_price_specs"
"BS-PEBBLESOFA-01","pebble-sofa-01","鹅卵石沙发","pebble-sofa","鹅卵石沙发","single","标准款","标准款","","","","","","","真空压缩包装，待厂家确认","24-72 小时，待厂家确认","D:\沙发网站\厂家资料-待整理\主图\鹅卵石沙发\鹅卵石沙发_原始素材_01_图片_20260628120246_192_14.jpg","D:\沙发网站\厂家资料-待整理\详情图\鹅卵石沙发\鹅卵石沙发_详情图_08_nano-banana-free-DAO7AkhdzAQkEHfh1wAWPp1nOXp7D6rrVLN.jpg","draft_needs_price_specs"
"BS-PEBBLESOFA-02","pebble-sofa-02","鹅卵石沙发","pebble-sofa","鹅卵石沙发","single","标准款","标准款","","","","","","","真空压缩包装，待厂家确认","24-72 小时，待厂家确认","D:\沙发网站\厂家资料-待整理\主图\鹅卵石沙发\鹅卵石沙发_原始素材_02_图片_20260628120246_192_14_背景主图.png","D:\沙发网站\厂家资料-待整理\详情图\鹅卵石沙发\鹅卵石沙发_详情图_08_nano-banana-free-DAO7AkhdzAQkEHfh1wAWPp1nOXp7D6rrVLN.jpg","draft_needs_price_specs"
"BS-PETALSOFA-01","petal-sofa-01","花瓣沙发","petal-sofa","花瓣沙发 多色组合","combo","多色组合","多色组合","","","","","","","真空压缩包装，待厂家确认","24-72 小时，待厂家确认","D:\沙发网站\厂家资料-待整理\主图\花瓣沙发\花瓣沙发_原始素材_08_花瓣沙发_多色组合_主图.png","D:\沙发网站\厂家资料-待整理\详情图\花瓣沙发\花瓣沙发_左右切片拼接长图.png","draft_needs_price_specs"
"BS-PETALSOFA-02","petal-sofa-02","花瓣沙发","petal-sofa","花瓣沙发 绿色","single","绿色","绿色","","","","","","","真空压缩包装，待厂家确认","24-72 小时，待厂家确认","D:\沙发网站\厂家资料-待整理\主图\花瓣沙发\花瓣沙发_原始素材_09_花瓣沙发_绿色_主图.png","D:\沙发网站\厂家资料-待整理\详情图\花瓣沙发\花瓣沙发_左右切片拼接长图.png","draft_needs_price_specs"
"BS-PEANUTSOFABED-01","peanut-sofa-bed-01","花生沙发床","peanut-sofa-bed","花生沙发床","single","标准款","标准款","","","","","","","真空压缩包装，待厂家确认","24-72 小时，待厂家确认","D:\沙发网站\厂家资料-待整理\主图\花生沙发床\花生沙发床_原始素材_09_3.jpg","D:\沙发网站\厂家资料-待整理\详情图\花生沙发床\花生沙发床_详情图_08_NanoBanana-2026-06-30.jpg","draft_needs_price_specs"
"BS-PEANUTSOFABED-02","peanut-sofa-bed-02","花生沙发床","peanut-sofa-bed","花生沙发床","single","标准款","标准款","","","","","","","真空压缩包装，待厂家确认","24-72 小时，待厂家确认","D:\沙发网站\厂家资料-待整理\主图\花生沙发床\花生沙发床_原始素材_10_4.jpg","D:\沙发网站\厂家资料-待整理\详情图\花生沙发床\花生沙发床_详情图_08_NanoBanana-2026-06-30.jpg","draft_needs_price_specs"
"BS-PEANUTSOFABED-03","peanut-sofa-bed-03","花生沙发床","peanut-sofa-bed","花生沙发床","single","标准款","标准款","","","","","","","真空压缩包装，待厂家确认","24-72 小时，待厂家确认","D:\沙发网站\厂家资料-待整理\主图\花生沙发床\花生沙发床_原始素材_11_5.jpg","D:\沙发网站\厂家资料-待整理\详情图\花生沙发床\花生沙发床_详情图_08_NanoBanana-2026-06-30.jpg","draft_needs_price_specs"
"BS-PEANUTSOFABED-04","peanut-sofa-bed-04","花生沙发床","peanut-sofa-bed","花生沙发床 奶酪床 / 橙色 / 床状态","single","奶酪床 / 橙色 / 床状态","奶酪床 / 橙色 / 床状态","","","","","","","真空压缩包装，待厂家确认","24-72 小时，待厂家确认","D:\沙发网站\厂家资料-待整理\主图\花生沙发床\花生沙发床_原始素材_12_奶酪床_橙色_床状态_主图.png","D:\沙发网站\厂家资料-待整理\详情图\花生沙发床\花生沙发床_详情图_08_NanoBanana-2026-06-30.jpg","draft_needs_price_specs"
"BS-PEANUTSOFABED-05","peanut-sofa-bed-05","花生沙发床","peanut-sofa-bed","花生沙发床 奶酪床 / 橙色","single","奶酪床 / 橙色","奶酪床 / 橙色","","","","","","","真空压缩包装，待厂家确认","24-72 小时，待厂家确认","D:\沙发网站\厂家资料-待整理\主图\花生沙发床\花生沙发床_原始素材_13_奶酪床_橙色_主图.png","D:\沙发网站\厂家资料-待整理\详情图\花生沙发床\花生沙发床_详情图_08_NanoBanana-2026-06-30.jpg","draft_needs_price_specs"
"BS-PEANUTSOFABED-06","peanut-sofa-bed-06","花生沙发床","peanut-sofa-bed","花生沙发床 奶酪床 / 灰咖色 / 床状态","single","奶酪床 / 灰咖色 / 床状态","奶酪床 / 灰咖色 / 床状态","","","","","","","真空压缩包装，待厂家确认","24-72 小时，待厂家确认","D:\沙发网站\厂家资料-待整理\主图\花生沙发床\花生沙发床_原始素材_14_奶酪床_灰咖色_床状态_主图.png","D:\沙发网站\厂家资料-待整理\详情图\花生沙发床\花生沙发床_详情图_08_NanoBanana-2026-06-30.jpg","draft_needs_price_specs"
"BS-PEANUTSOFABED-07","peanut-sofa-bed-07","花生沙发床","peanut-sofa-bed","花生沙发床 奶酪床 / 灰咖色","single","奶酪床 / 灰咖色","奶酪床 / 灰咖色","","","","","","","真空压缩包装，待厂家确认","24-72 小时，待厂家确认","D:\沙发网站\厂家资料-待整理\主图\花生沙发床\花生沙发床_原始素材_15_奶酪床_灰咖色_主图.png","D:\沙发网站\厂家资料-待整理\详情图\花生沙发床\花生沙发床_详情图_08_NanoBanana-2026-06-30.jpg","draft_needs_price_specs"
"BS-WAFFLESOFA-01","waffle-sofa-01","华夫格沙发","waffle-sofa","华夫格沙发 华夫格单人位 / 大红色","single","华夫格单人位 / 大红色","华夫格单人位 / 大红色","","","","","","","真空压缩包装，待厂家确认","24-72 小时，待厂家确认","D:\沙发网站\厂家资料-待整理\主图\华夫格沙发\华夫格沙发_原始素材_06_华夫格单人位_大红色_主图.png","D:\沙发网站\厂家资料-待整理\详情图\华夫格沙发\NanoBanana-2026-07-03.png","draft_needs_price_specs"
"BS-WAFFLESOFA-02","waffle-sofa-02","华夫格沙发","waffle-sofa","华夫格沙发 华夫格单人位 / 多色组合","combo","华夫格单人位 / 多色组合","华夫格单人位 / 多色组合","","","","","","","真空压缩包装，待厂家确认","24-72 小时，待厂家确认","D:\沙发网站\厂家资料-待整理\主图\华夫格沙发\华夫格沙发_原始素材_07_华夫格单人位_多色组合_主图.png","D:\沙发网站\厂家资料-待整理\详情图\华夫格沙发\NanoBanana-2026-07-03.png","draft_needs_price_specs"
"BS-WAFFLESOFA-03","waffle-sofa-03","华夫格沙发","waffle-sofa","华夫格沙发 华夫格单人位 / 粉色","single","华夫格单人位 / 粉色","华夫格单人位 / 粉色","","","","","","","真空压缩包装，待厂家确认","24-72 小时，待厂家确认","D:\沙发网站\厂家资料-待整理\主图\华夫格沙发\华夫格沙发_原始素材_08_华夫格单人位_粉色_主图.png","D:\沙发网站\厂家资料-待整理\详情图\华夫格沙发\NanoBanana-2026-07-03.png","draft_needs_price_specs"
"BS-WAFFLESOFA-04","waffle-sofa-04","华夫格沙发","waffle-sofa","华夫格沙发 华夫格单人位 / 橄榄绿色","single","华夫格单人位 / 橄榄绿色","华夫格单人位 / 橄榄绿色","","","","","","","真空压缩包装，待厂家确认","24-72 小时，待厂家确认","D:\沙发网站\厂家资料-待整理\主图\华夫格沙发\华夫格沙发_原始素材_09_华夫格单人位_橄榄绿色_主图.png","D:\沙发网站\厂家资料-待整理\详情图\华夫格沙发\NanoBanana-2026-07-03.png","draft_needs_price_specs"
"BS-WAFFLESOFA-05","waffle-sofa-05","华夫格沙发","waffle-sofa","华夫格沙发 华夫格单人位 / 花色","single","华夫格单人位 / 花色","华夫格单人位 / 花色","","","","","","","真空压缩包装，待厂家确认","24-72 小时，待厂家确认","D:\沙发网站\厂家资料-待整理\主图\华夫格沙发\华夫格沙发_原始素材_10_华夫格单人位_花色_主图.png","D:\沙发网站\厂家资料-待整理\详情图\华夫格沙发\NanoBanana-2026-07-03.png","draft_needs_price_specs"
"BS-WAFFLESOFA-06","waffle-sofa-06","华夫格沙发","waffle-sofa","华夫格沙发 华夫格单人位 / 姜黄色","single","华夫格单人位 / 姜黄色","华夫格单人位 / 姜黄色","","","","","","","真空压缩包装，待厂家确认","24-72 小时，待厂家确认","D:\沙发网站\厂家资料-待整理\主图\华夫格沙发\华夫格沙发_原始素材_11_华夫格单人位_姜黄色_主图.png","D:\沙发网站\厂家资料-待整理\详情图\华夫格沙发\NanoBanana-2026-07-03.png","draft_needs_price_specs"
"BS-WAFFLESOFA-07","waffle-sofa-07","华夫格沙发","waffle-sofa","华夫格沙发 华夫格单人位 / 米白色","single","华夫格单人位 / 米白色","华夫格单人位 / 米白色","","","","","","","真空压缩包装，待厂家确认","24-72 小时，待厂家确认","D:\沙发网站\厂家资料-待整理\主图\华夫格沙发\华夫格沙发_原始素材_12_华夫格单人位_米白色_主图.png","D:\沙发网站\厂家资料-待整理\详情图\华夫格沙发\NanoBanana-2026-07-03.png","draft_needs_price_specs"
"BS-WAFFLESOFA-08","waffle-sofa-08","华夫格沙发","waffle-sofa","华夫格沙发 华夫格单人位 / 深灰色","single","华夫格单人位 / 深灰色","华夫格单人位 / 深灰色","","","","","","","真空压缩包装，待厂家确认","24-72 小时，待厂家确认","D:\沙发网站\厂家资料-待整理\主图\华夫格沙发\华夫格沙发_原始素材_13_华夫格单人位_深灰色_主图.png","D:\沙发网站\厂家资料-待整理\详情图\华夫格沙发\NanoBanana-2026-07-03.png","draft_needs_price_specs"
"BS-WAFFLESOFA-09","waffle-sofa-09","华夫格沙发","waffle-sofa","华夫格沙发 华夫格单人位","single","华夫格单人位","华夫格单人位","","","","","","","真空压缩包装，待厂家确认","24-72 小时，待厂家确认","D:\沙发网站\厂家资料-待整理\主图\华夫格沙发\华夫格沙发_原始素材_14_华夫格单人位_主图.png","D:\沙发网站\厂家资料-待整理\详情图\华夫格沙发\NanoBanana-2026-07-03.png","draft_needs_price_specs"
"BS-WAFFLESOFA-10","waffle-sofa-10","华夫格沙发","waffle-sofa","华夫格沙发 华夫格双人位 / 大红色","double","华夫格双人位 / 大红色","华夫格双人位 / 大红色","","","","","","","真空压缩包装，待厂家确认","24-72 小时，待厂家确认","D:\沙发网站\厂家资料-待整理\主图\华夫格沙发\华夫格沙发_原始素材_15_华夫格双人位_大红色_主图.png","D:\沙发网站\厂家资料-待整理\详情图\华夫格沙发\NanoBanana-2026-07-03.png","draft_needs_price_specs"
"BS-WAFFLESOFA-11","waffle-sofa-11","华夫格沙发","waffle-sofa","华夫格沙发 华夫格双人位 / 粉色","double","华夫格双人位 / 粉色","华夫格双人位 / 粉色","","","","","","","真空压缩包装，待厂家确认","24-72 小时，待厂家确认","D:\沙发网站\厂家资料-待整理\主图\华夫格沙发\华夫格沙发_原始素材_16_华夫格双人位_粉色_主图.png","D:\沙发网站\厂家资料-待整理\详情图\华夫格沙发\NanoBanana-2026-07-03.png","draft_needs_price_specs"
"BS-WAFFLESOFA-12","waffle-sofa-12","华夫格沙发","waffle-sofa","华夫格沙发 华夫格双人位 / 橄榄绿色","double","华夫格双人位 / 橄榄绿色","华夫格双人位 / 橄榄绿色","","","","","","","真空压缩包装，待厂家确认","24-72 小时，待厂家确认","D:\沙发网站\厂家资料-待整理\主图\华夫格沙发\华夫格沙发_原始素材_17_华夫格双人位_橄榄绿色_主图.png","D:\沙发网站\厂家资料-待整理\详情图\华夫格沙发\NanoBanana-2026-07-03.png","draft_needs_price_specs"
"BS-WAFFLESOFA-13","waffle-sofa-13","华夫格沙发","waffle-sofa","华夫格沙发 华夫格双人位 / 姜黄色","double","华夫格双人位 / 姜黄色","华夫格双人位 / 姜黄色","","","","","","","真空压缩包装，待厂家确认","24-72 小时，待厂家确认","D:\沙发网站\厂家资料-待整理\主图\华夫格沙发\华夫格沙发_原始素材_18_华夫格双人位_姜黄色_主图.png","D:\沙发网站\厂家资料-待整理\详情图\华夫格沙发\NanoBanana-2026-07-03.png","draft_needs_price_specs"
"BS-WAFFLESOFA-14","waffle-sofa-14","华夫格沙发","waffle-sofa","华夫格沙发 华夫格双人位 / 米白色","double","华夫格双人位 / 米白色","华夫格双人位 / 米白色","","","","","","","真空压缩包装，待厂家确认","24-72 小时，待厂家确认","D:\沙发网站\厂家资料-待整理\主图\华夫格沙发\华夫格沙发_原始素材_19_华夫格双人位_米白色_主图.png","D:\沙发网站\厂家资料-待整理\详情图\华夫格沙发\NanoBanana-2026-07-03.png","draft_needs_price_specs"
"BS-WAFFLESOFA-15","waffle-sofa-15","华夫格沙发","waffle-sofa","华夫格沙发 华夫格双人位 / 深灰色","double","华夫格双人位 / 深灰色","华夫格双人位 / 深灰色","","","","","","","真空压缩包装，待厂家确认","24-72 小时，待厂家确认","D:\沙发网站\厂家资料-待整理\主图\华夫格沙发\华夫格沙发_原始素材_20_华夫格双人位_深灰色_主图.png","D:\沙发网站\厂家资料-待整理\详情图\华夫格沙发\NanoBanana-2026-07-03.png","draft_needs_price_specs"
"BS-WAFFLESOFA-16","waffle-sofa-16","华夫格沙发","waffle-sofa","华夫格沙发 华夫格双人位 / 深咖啡色","double","华夫格双人位 / 深咖啡色","华夫格双人位 / 深咖啡色","","","","","","","真空压缩包装，待厂家确认","24-72 小时，待厂家确认","D:\沙发网站\厂家资料-待整理\主图\华夫格沙发\华夫格沙发_原始素材_21_华夫格双人位_深咖啡色_主图.png","D:\沙发网站\厂家资料-待整理\详情图\华夫格沙发\NanoBanana-2026-07-03.png","draft_needs_price_specs"
"BS-WAFFLESOFA-17","waffle-sofa-17","华夫格沙发","waffle-sofa","华夫格沙发 华夫格双人位","double","华夫格双人位","华夫格双人位","","","","","","","真空压缩包装，待厂家确认","24-72 小时，待厂家确认","D:\沙发网站\厂家资料-待整理\主图\华夫格沙发\华夫格沙发_原始素材_22_华夫格双人位_主图.png","D:\沙发网站\厂家资料-待整理\详情图\华夫格沙发\NanoBanana-2026-07-03.png","draft_needs_price_specs"
"BS-DUMPLINGCHAIR-01","dumpling-chair-01","饺子椅","dumpling-chair","饺子椅 橙色","single","橙色","橙色","","","","","","","真空压缩包装，待厂家确认","24-72 小时，待厂家确认","D:\沙发网站\厂家资料-待整理\主图\饺子椅\饺子椅_原始素材_02_饺子椅_橙色_主图.png","D:\沙发网站\厂家资料-待整理\详情图\饺子椅\饺子椅_详情图_08_NanoBanana-2026-06-30.jpg","draft_needs_price_specs"
"BS-DUMPLINGCHAIR-02","dumpling-chair-02","饺子椅","dumpling-chair","饺子椅 橄榄绿色","single","橄榄绿色","橄榄绿色","","","","","","","真空压缩包装，待厂家确认","24-72 小时，待厂家确认","D:\沙发网站\厂家资料-待整理\主图\饺子椅\饺子椅_原始素材_03_饺子椅_橄榄绿色_主图.png","D:\沙发网站\厂家资料-待整理\详情图\饺子椅\饺子椅_详情图_08_NanoBanana-2026-06-30.jpg","draft_needs_price_specs"
"BS-DUMPLINGCHAIR-03","dumpling-chair-03","饺子椅","dumpling-chair","饺子椅 姜黄色","single","姜黄色","姜黄色","","","","","","","真空压缩包装，待厂家确认","24-72 小时，待厂家确认","D:\沙发网站\厂家资料-待整理\主图\饺子椅\饺子椅_原始素材_04_饺子椅_姜黄色_主图.png","D:\沙发网站\厂家资料-待整理\详情图\饺子椅\饺子椅_详情图_08_NanoBanana-2026-06-30.jpg","draft_needs_price_specs"
"BS-CHIFFONSOFA-01","chiffon-sofa-01","可戚风","chiffon-sofa","可戚风 多色组合","combo","多色组合","多色组合","","","","","","","真空压缩包装，待厂家确认","24-72 小时，待厂家确认","D:\沙发网站\厂家资料-待整理\主图\可戚风\可戚风_原始素材_02_可戚风_多色组合_主图_并排版.png","D:\沙发网站\厂家资料-待整理\详情图\可戚风\NanoBanana-2026-07-03.jpg","draft_needs_price_specs"
"BS-CHIFFONSOFA-02","chiffon-sofa-02","可戚风","chiffon-sofa","可戚风 粉色","single","粉色","粉色","","","","","","","真空压缩包装，待厂家确认","24-72 小时，待厂家确认","D:\沙发网站\厂家资料-待整理\主图\可戚风\可戚风_原始素材_03_可戚风_粉色_主图_统一构图版.png","D:\沙发网站\厂家资料-待整理\详情图\可戚风\NanoBanana-2026-07-03.jpg","draft_needs_price_specs"
"BS-CHIFFONSOFA-03","chiffon-sofa-03","可戚风","chiffon-sofa","可戚风 橄榄绿色","single","橄榄绿色","橄榄绿色","","","","","","","真空压缩包装，待厂家确认","24-72 小时，待厂家确认","D:\沙发网站\厂家资料-待整理\主图\可戚风\可戚风_原始素材_04_可戚风_橄榄绿色_主图_统一构图版.png","D:\沙发网站\厂家资料-待整理\详情图\可戚风\NanoBanana-2026-07-03.jpg","draft_needs_price_specs"
"BS-CHIFFONSOFA-04","chiffon-sofa-04","可戚风","chiffon-sofa","可戚风 灰色","single","灰色","灰色","","","","","","","真空压缩包装，待厂家确认","24-72 小时，待厂家确认","D:\沙发网站\厂家资料-待整理\主图\可戚风\可戚风_原始素材_05_可戚风_灰色_主图_统一构图版.png","D:\沙发网站\厂家资料-待整理\详情图\可戚风\NanoBanana-2026-07-03.jpg","draft_needs_price_specs"
"BS-CHIFFONSOFA-05","chiffon-sofa-05","可戚风","chiffon-sofa","可戚风 姜黄色","single","姜黄色","姜黄色","","","","","","","真空压缩包装，待厂家确认","24-72 小时，待厂家确认","D:\沙发网站\厂家资料-待整理\主图\可戚风\可戚风_原始素材_06_可戚风_姜黄色_主图_统一构图版.png","D:\沙发网站\厂家资料-待整理\详情图\可戚风\NanoBanana-2026-07-03.jpg","draft_needs_price_specs"
"BS-CHIFFONSOFA-06","chiffon-sofa-06","可戚风","chiffon-sofa","可戚风 米白色","single","米白色","米白色","","","","","","","真空压缩包装，待厂家确认","24-72 小时，待厂家确认","D:\沙发网站\厂家资料-待整理\主图\可戚风\可戚风_原始素材_07_可戚风_米白色_主图.png","D:\沙发网站\厂家资料-待整理\详情图\可戚风\NanoBanana-2026-07-03.jpg","draft_needs_price_specs"
"BS-REMYSOFA-01","remy-sofa-01","莱米沙发","remy-sofa","莱米沙发 单人位 / 橄榄绿","single","单人位 / 橄榄绿","单人位 / 橄榄绿","","","","","","","真空压缩包装，待厂家确认","24-72 小时，待厂家确认","D:\沙发网站\厂家资料-待整理\主图\莱米沙发\莱米沙发_原始素材_08_莱米沙发_单人位_橄榄绿_主图背景版.png","D:\沙发网站\厂家资料-待整理\详情图\莱米沙发\莱米沙发_详情图_01_NanoBanana-2026-06-30.png","draft_needs_price_specs"
"BS-REMYSOFA-02","remy-sofa-02","莱米沙发","remy-sofa","莱米沙发 单人位 / 姜黄色","single","单人位 / 姜黄色","单人位 / 姜黄色","","","","","","","真空压缩包装，待厂家确认","24-72 小时，待厂家确认","D:\沙发网站\厂家资料-待整理\主图\莱米沙发\莱米沙发_原始素材_09_莱米沙发_单人位_姜黄色_主图背景版.png","D:\沙发网站\厂家资料-待整理\详情图\莱米沙发\莱米沙发_详情图_01_NanoBanana-2026-06-30.png","draft_needs_price_specs"
"BS-REMYSOFA-03","remy-sofa-03","莱米沙发","remy-sofa","莱米沙发 单人位 / 深灰色","single","单人位 / 深灰色","单人位 / 深灰色","","","","","","","真空压缩包装，待厂家确认","24-72 小时，待厂家确认","D:\沙发网站\厂家资料-待整理\主图\莱米沙发\莱米沙发_原始素材_10_莱米沙发_单人位_深灰色_主图背景版.png","D:\沙发网站\厂家资料-待整理\详情图\莱米沙发\莱米沙发_详情图_01_NanoBanana-2026-06-30.png","draft_needs_price_specs"
"BS-REMYSOFA-04","remy-sofa-04","莱米沙发","remy-sofa","莱米沙发 三人位 / 橄榄绿","triple","三人位 / 橄榄绿","三人位 / 橄榄绿","","","","","","","真空压缩包装，待厂家确认","24-72 小时，待厂家确认","D:\沙发网站\厂家资料-待整理\主图\莱米沙发\莱米沙发_原始素材_11_莱米沙发_三人位_橄榄绿_主图背景版.png","D:\沙发网站\厂家资料-待整理\详情图\莱米沙发\莱米沙发_详情图_01_NanoBanana-2026-06-30.png","draft_needs_price_specs"
"BS-REMYSOFA-05","remy-sofa-05","莱米沙发","remy-sofa","莱米沙发 三人位 / 姜黄色","triple","三人位 / 姜黄色","三人位 / 姜黄色","","","","","","","真空压缩包装，待厂家确认","24-72 小时，待厂家确认","D:\沙发网站\厂家资料-待整理\主图\莱米沙发\莱米沙发_原始素材_12_莱米沙发_三人位_姜黄色_主图背景版.png","D:\沙发网站\厂家资料-待整理\详情图\莱米沙发\莱米沙发_详情图_01_NanoBanana-2026-06-30.png","draft_needs_price_specs"
"BS-REMYSOFA-06","remy-sofa-06","莱米沙发","remy-sofa","莱米沙发 三人位 / 深灰色","triple","三人位 / 深灰色","三人位 / 深灰色","","","","","","","真空压缩包装，待厂家确认","24-72 小时，待厂家确认","D:\沙发网站\厂家资料-待整理\主图\莱米沙发\莱米沙发_原始素材_13_莱米沙发_三人位_深灰色_主图背景版.png","D:\沙发网站\厂家资料-待整理\详情图\莱米沙发\莱米沙发_详情图_01_NanoBanana-2026-06-30.png","draft_needs_price_specs"
"BS-REMYSOFA-07","remy-sofa-07","莱米沙发","remy-sofa","莱米沙发 双人位 / 橄榄绿","double","双人位 / 橄榄绿","双人位 / 橄榄绿","","","","","","","真空压缩包装，待厂家确认","24-72 小时，待厂家确认","D:\沙发网站\厂家资料-待整理\主图\莱米沙发\莱米沙发_原始素材_14_莱米沙发_双人位_橄榄绿_主图背景版.png","D:\沙发网站\厂家资料-待整理\详情图\莱米沙发\莱米沙发_详情图_01_NanoBanana-2026-06-30.png","draft_needs_price_specs"
"BS-REMYSOFA-08","remy-sofa-08","莱米沙发","remy-sofa","莱米沙发 双人位 / 姜黄色","double","双人位 / 姜黄色","双人位 / 姜黄色","","","","","","","真空压缩包装，待厂家确认","24-72 小时，待厂家确认","D:\沙发网站\厂家资料-待整理\主图\莱米沙发\莱米沙发_原始素材_15_莱米沙发_双人位_姜黄色_主图背景版.png","D:\沙发网站\厂家资料-待整理\详情图\莱米沙发\莱米沙发_详情图_01_NanoBanana-2026-06-30.png","draft_needs_price_specs"
"BS-REMYSOFA-09","remy-sofa-09","莱米沙发","remy-sofa","莱米沙发 双人位 / 深灰色","double","双人位 / 深灰色","双人位 / 深灰色","","","","","","","真空压缩包装，待厂家确认","24-72 小时，待厂家确认","D:\沙发网站\厂家资料-待整理\主图\莱米沙发\莱米沙发_原始素材_16_莱米沙发_双人位_深灰色_主图背景版.png","D:\沙发网站\厂家资料-待整理\详情图\莱米沙发\莱米沙发_详情图_01_NanoBanana-2026-06-30.png","draft_needs_price_specs"
"BS-REMYSOFA-10","remy-sofa-10","莱米沙发","remy-sofa","莱米沙发 组合位 / 橄榄绿","combo","组合位 / 橄榄绿","组合位 / 橄榄绿","","","","","","","真空压缩包装，待厂家确认","24-72 小时，待厂家确认","D:\沙发网站\厂家资料-待整理\主图\莱米沙发\莱米沙发_原始素材_17_莱米沙发_组合位_橄榄绿_主图背景版.png","D:\沙发网站\厂家资料-待整理\详情图\莱米沙发\莱米沙发_详情图_01_NanoBanana-2026-06-30.png","draft_needs_price_specs"
"BS-REMYSOFA-11","remy-sofa-11","莱米沙发","remy-sofa","莱米沙发 组合位 / 姜黄色","combo","组合位 / 姜黄色","组合位 / 姜黄色","","","","","","","真空压缩包装，待厂家确认","24-72 小时，待厂家确认","D:\沙发网站\厂家资料-待整理\主图\莱米沙发\莱米沙发_原始素材_18_莱米沙发_组合位_姜黄色_主图背景版.png","D:\沙发网站\厂家资料-待整理\详情图\莱米沙发\莱米沙发_详情图_01_NanoBanana-2026-06-30.png","draft_needs_price_specs"
"BS-REMYSOFA-12","remy-sofa-12","莱米沙发","remy-sofa","莱米沙发 组合位 / 深灰色","combo","组合位 / 深灰色","组合位 / 深灰色","","","","","","","真空压缩包装，待厂家确认","24-72 小时，待厂家确认","D:\沙发网站\厂家资料-待整理\主图\莱米沙发\莱米沙发_原始素材_19_莱米沙发_组合位_深灰色_主图背景版.png","D:\沙发网站\厂家资料-待整理\详情图\莱米沙发\莱米沙发_详情图_01_NanoBanana-2026-06-30.png","draft_needs_price_specs"
"BS-MAMAHUGSOFA-01","mama-hug-sofa-01","妈妈的怀抱沙发","mama-hug-sofa","妈妈的怀抱沙发 多彩涂鸦","single","多彩涂鸦","多彩涂鸦","","","","","","","真空压缩包装，待厂家确认","24-72 小时，待厂家确认","D:\沙发网站\厂家资料-待整理\主图\妈妈的怀抱沙发\妈妈的怀抱沙发_原始素材_59_妈妈的怀抱沙发_多彩涂鸦_主图.png","D:\沙发网站\厂家资料-待整理\详情图\妈妈的怀抱沙发\妈妈的怀抱沙发_上下拼接长图.png","draft_needs_price_specs"
"BS-MAMAHUGSOFA-02","mama-hug-sofa-02","妈妈的怀抱沙发","mama-hug-sofa","妈妈的怀抱沙发 粉色","single","粉色","粉色","","","","","","","真空压缩包装，待厂家确认","24-72 小时，待厂家确认","D:\沙发网站\厂家资料-待整理\主图\妈妈的怀抱沙发\妈妈的怀抱沙发_原始素材_60_妈妈的怀抱沙发_粉色_主图.png","D:\沙发网站\厂家资料-待整理\详情图\妈妈的怀抱沙发\妈妈的怀抱沙发_上下拼接长图.png","draft_needs_price_specs"
"BS-MAMAHUGSOFA-03","mama-hug-sofa-03","妈妈的怀抱沙发","mama-hug-sofa","妈妈的怀抱沙发 红色","single","红色","红色","","","","","","","真空压缩包装，待厂家确认","24-72 小时，待厂家确认","D:\沙发网站\厂家资料-待整理\主图\妈妈的怀抱沙发\妈妈的怀抱沙发_原始素材_61_妈妈的怀抱沙发_红色_主图.png","D:\沙发网站\厂家资料-待整理\详情图\妈妈的怀抱沙发\妈妈的怀抱沙发_上下拼接长图.png","draft_needs_price_specs"
"BS-MAMAHUGSOFA-04","mama-hug-sofa-04","妈妈的怀抱沙发","mama-hug-sofa","妈妈的怀抱沙发 灰咖色","single","灰咖色","灰咖色","","","","","","","真空压缩包装，待厂家确认","24-72 小时，待厂家确认","D:\沙发网站\厂家资料-待整理\主图\妈妈的怀抱沙发\妈妈的怀抱沙发_原始素材_62_妈妈的怀抱沙发_灰咖色_主图.png","D:\沙发网站\厂家资料-待整理\详情图\妈妈的怀抱沙发\妈妈的怀抱沙发_上下拼接长图.png","draft_needs_price_specs"
"BS-MAMAHUGSOFA-05","mama-hug-sofa-05","妈妈的怀抱沙发","mama-hug-sofa","妈妈的怀抱沙发 绿色花卉","single","绿色花卉","绿色花卉","","","","","","","真空压缩包装，待厂家确认","24-72 小时，待厂家确认","D:\沙发网站\厂家资料-待整理\主图\妈妈的怀抱沙发\妈妈的怀抱沙发_原始素材_63_妈妈的怀抱沙发_绿色花卉_主图.png","D:\沙发网站\厂家资料-待整理\详情图\妈妈的怀抱沙发\妈妈的怀抱沙发_上下拼接长图.png","draft_needs_price_specs"
"BS-MAMAHUGSOFA-06","mama-hug-sofa-06","妈妈的怀抱沙发","mama-hug-sofa","妈妈的怀抱沙发 棕色条纹","single","棕色条纹","棕色条纹","","","","","","","真空压缩包装，待厂家确认","24-72 小时，待厂家确认","D:\沙发网站\厂家资料-待整理\主图\妈妈的怀抱沙发\妈妈的怀抱沙发_原始素材_65_妈妈的怀抱沙发_棕色条纹_主图.png","D:\沙发网站\厂家资料-待整理\详情图\妈妈的怀抱沙发\妈妈的怀抱沙发_上下拼接长图.png","draft_needs_price_specs"
"BS-CATERPILLARSOFA-01","caterpillar-sofa-01","毛毛虫沙发","caterpillar-sofa","毛毛虫沙发 毛毛虫单人位 / 橙色","single","毛毛虫单人位 / 橙色","毛毛虫单人位 / 橙色","","","","","","","真空压缩包装，待厂家确认","24-72 小时，待厂家确认","D:\沙发网站\厂家资料-待整理\主图\毛毛虫沙发\毛毛虫沙发_原始素材_31_毛毛虫单人位_橙色_主图.png","D:\沙发网站\厂家资料-待整理\详情图\毛毛虫沙发\nano-banana-apimiiEUzUw06SS7wGTBU3cDSJw1vukfESC.png","draft_needs_price_specs"
"BS-CATERPILLARSOFA-02","caterpillar-sofa-02","毛毛虫沙发","caterpillar-sofa","毛毛虫沙发 毛毛虫单人位 / 多彩花色","single","毛毛虫单人位 / 多彩花色","毛毛虫单人位 / 多彩花色","","","","","","","真空压缩包装，待厂家确认","24-72 小时，待厂家确认","D:\沙发网站\厂家资料-待整理\主图\毛毛虫沙发\毛毛虫沙发_原始素材_32_毛毛虫单人位_多彩花色_主图.png","D:\沙发网站\厂家资料-待整理\详情图\毛毛虫沙发\nano-banana-apimiiEUzUw06SS7wGTBU3cDSJw1vukfESC.png","draft_needs_price_specs"
"BS-CATERPILLARSOFA-03","caterpillar-sofa-03","毛毛虫沙发","caterpillar-sofa","毛毛虫沙发 毛毛虫单人位 / 粉色","single","毛毛虫单人位 / 粉色","毛毛虫单人位 / 粉色","","","","","","","真空压缩包装，待厂家确认","24-72 小时，待厂家确认","D:\沙发网站\厂家资料-待整理\主图\毛毛虫沙发\毛毛虫沙发_原始素材_33_毛毛虫单人位_粉色_主图.png","D:\沙发网站\厂家资料-待整理\详情图\毛毛虫沙发\nano-banana-apimiiEUzUw06SS7wGTBU3cDSJw1vukfESC.png","draft_needs_price_specs"
"BS-CATERPILLARSOFA-04","caterpillar-sofa-04","毛毛虫沙发","caterpillar-sofa","毛毛虫沙发 毛毛虫单人位 / 橄榄绿色","single","毛毛虫单人位 / 橄榄绿色","毛毛虫单人位 / 橄榄绿色","","","","","","","真空压缩包装，待厂家确认","24-72 小时，待厂家确认","D:\沙发网站\厂家资料-待整理\主图\毛毛虫沙发\毛毛虫沙发_原始素材_34_毛毛虫单人位_橄榄绿色_主图.png","D:\沙发网站\厂家资料-待整理\详情图\毛毛虫沙发\nano-banana-apimiiEUzUw06SS7wGTBU3cDSJw1vukfESC.png","draft_needs_price_specs"
"BS-CATERPILLARSOFA-05","caterpillar-sofa-05","毛毛虫沙发","caterpillar-sofa","毛毛虫沙发 毛毛虫单人位 / 黑白渐变","single","毛毛虫单人位 / 黑白渐变","毛毛虫单人位 / 黑白渐变","","","","","","","真空压缩包装，待厂家确认","24-72 小时，待厂家确认","D:\沙发网站\厂家资料-待整理\主图\毛毛虫沙发\毛毛虫沙发_原始素材_35_毛毛虫单人位_黑白渐变_主图.png","D:\沙发网站\厂家资料-待整理\详情图\毛毛虫沙发\nano-banana-apimiiEUzUw06SS7wGTBU3cDSJw1vukfESC.png","draft_needs_price_specs"
"BS-CATERPILLARSOFA-06","caterpillar-sofa-06","毛毛虫沙发","caterpillar-sofa","毛毛虫沙发 毛毛虫单人位 / 黑色","single","毛毛虫单人位 / 黑色","毛毛虫单人位 / 黑色","","","","","","","真空压缩包装，待厂家确认","24-72 小时，待厂家确认","D:\沙发网站\厂家资料-待整理\主图\毛毛虫沙发\毛毛虫沙发_原始素材_36_毛毛虫单人位_黑色_主图.png","D:\沙发网站\厂家资料-待整理\详情图\毛毛虫沙发\nano-banana-apimiiEUzUw06SS7wGTBU3cDSJw1vukfESC.png","draft_needs_price_specs"
"BS-CATERPILLARSOFA-07","caterpillar-sofa-07","毛毛虫沙发","caterpillar-sofa","毛毛虫沙发 毛毛虫单人位 / 黑色花卉","single","毛毛虫单人位 / 黑色花卉","毛毛虫单人位 / 黑色花卉","","","","","","","真空压缩包装，待厂家确认","24-72 小时，待厂家确认","D:\沙发网站\厂家资料-待整理\主图\毛毛虫沙发\毛毛虫沙发_原始素材_37_毛毛虫单人位_黑色花卉_主图.png","D:\沙发网站\厂家资料-待整理\详情图\毛毛虫沙发\nano-banana-apimiiEUzUw06SS7wGTBU3cDSJw1vukfESC.png","draft_needs_price_specs"
"BS-CATERPILLARSOFA-08","caterpillar-sofa-08","毛毛虫沙发","caterpillar-sofa","毛毛虫沙发 毛毛虫单人位 / 灰色","single","毛毛虫单人位 / 灰色","毛毛虫单人位 / 灰色","","","","","","","真空压缩包装，待厂家确认","24-72 小时，待厂家确认","D:\沙发网站\厂家资料-待整理\主图\毛毛虫沙发\毛毛虫沙发_原始素材_38_毛毛虫单人位_灰色_主图.png","D:\沙发网站\厂家资料-待整理\详情图\毛毛虫沙发\nano-banana-apimiiEUzUw06SS7wGTBU3cDSJw1vukfESC.png","draft_needs_price_specs"
"BS-CATERPILLARSOFA-09","caterpillar-sofa-09","毛毛虫沙发","caterpillar-sofa","毛毛虫沙发 毛毛虫单人位 / 姜黄色","single","毛毛虫单人位 / 姜黄色","毛毛虫单人位 / 姜黄色","","","","","","","真空压缩包装，待厂家确认","24-72 小时，待厂家确认","D:\沙发网站\厂家资料-待整理\主图\毛毛虫沙发\毛毛虫沙发_原始素材_39_毛毛虫单人位_姜黄色_主图.png","D:\沙发网站\厂家资料-待整理\详情图\毛毛虫沙发\nano-banana-apimiiEUzUw06SS7wGTBU3cDSJw1vukfESC.png","draft_needs_price_specs"
"BS-CATERPILLARSOFA-10","caterpillar-sofa-10","毛毛虫沙发","caterpillar-sofa","毛毛虫沙发 毛毛虫单人位 / 蓝色","single","毛毛虫单人位 / 蓝色","毛毛虫单人位 / 蓝色","","","","","","","真空压缩包装，待厂家确认","24-72 小时，待厂家确认","D:\沙发网站\厂家资料-待整理\主图\毛毛虫沙发\毛毛虫沙发_原始素材_40_毛毛虫单人位_蓝色_主图.png","D:\沙发网站\厂家资料-待整理\详情图\毛毛虫沙发\nano-banana-apimiiEUzUw06SS7wGTBU3cDSJw1vukfESC.png","draft_needs_price_specs"
"BS-CATERPILLARSOFA-11","caterpillar-sofa-11","毛毛虫沙发","caterpillar-sofa","毛毛虫沙发 毛毛虫单人位 / 蓝色花卉","single","毛毛虫单人位 / 蓝色花卉","毛毛虫单人位 / 蓝色花卉","","","","","","","真空压缩包装，待厂家确认","24-72 小时，待厂家确认","D:\沙发网站\厂家资料-待整理\主图\毛毛虫沙发\毛毛虫沙发_原始素材_41_毛毛虫单人位_蓝色花卉_主图.png","D:\沙发网站\厂家资料-待整理\详情图\毛毛虫沙发\nano-banana-apimiiEUzUw06SS7wGTBU3cDSJw1vukfESC.png","draft_needs_price_specs"
"BS-CATERPILLARSOFA-12","caterpillar-sofa-12","毛毛虫沙发","caterpillar-sofa","毛毛虫沙发 毛毛虫单人位 / 绿色","single","毛毛虫单人位 / 绿色","毛毛虫单人位 / 绿色","","","","","","","真空压缩包装，待厂家确认","24-72 小时，待厂家确认","D:\沙发网站\厂家资料-待整理\主图\毛毛虫沙发\毛毛虫沙发_原始素材_42_毛毛虫单人位_绿色_主图.png","D:\沙发网站\厂家资料-待整理\详情图\毛毛虫沙发\nano-banana-apimiiEUzUw06SS7wGTBU3cDSJw1vukfESC.png","draft_needs_price_specs"
"BS-CATERPILLARSOFA-13","caterpillar-sofa-13","毛毛虫沙发","caterpillar-sofa","毛毛虫沙发 毛毛虫单人位 / 米白色","single","毛毛虫单人位 / 米白色","毛毛虫单人位 / 米白色","","","","","","","真空压缩包装，待厂家确认","24-72 小时，待厂家确认","D:\沙发网站\厂家资料-待整理\主图\毛毛虫沙发\毛毛虫沙发_原始素材_43_毛毛虫单人位_米白色_主图.png","D:\沙发网站\厂家资料-待整理\详情图\毛毛虫沙发\nano-banana-apimiiEUzUw06SS7wGTBU3cDSJw1vukfESC.png","draft_needs_price_specs"
"BS-CATERPILLARSOFA-14","caterpillar-sofa-14","毛毛虫沙发","caterpillar-sofa","毛毛虫沙发 毛毛虫单人位","single","毛毛虫单人位","毛毛虫单人位","","","","","","","真空压缩包装，待厂家确认","24-72 小时，待厂家确认","D:\沙发网站\厂家资料-待整理\主图\毛毛虫沙发\毛毛虫沙发_原始素材_44_毛毛虫单人位_主图.png","D:\沙发网站\厂家资料-待整理\详情图\毛毛虫沙发\nano-banana-apimiiEUzUw06SS7wGTBU3cDSJw1vukfESC.png","draft_needs_price_specs"
"BS-CATERPILLARSOFA-15","caterpillar-sofa-15","毛毛虫沙发","caterpillar-sofa","毛毛虫沙发 毛毛虫单人位 / 棕色","single","毛毛虫单人位 / 棕色","毛毛虫单人位 / 棕色","","","","","","","真空压缩包装，待厂家确认","24-72 小时，待厂家确认","D:\沙发网站\厂家资料-待整理\主图\毛毛虫沙发\毛毛虫沙发_原始素材_45_毛毛虫单人位_棕色_主图.png","D:\沙发网站\厂家资料-待整理\详情图\毛毛虫沙发\nano-banana-apimiiEUzUw06SS7wGTBU3cDSJw1vukfESC.png","draft_needs_price_specs"
"BS-CATERPILLARSOFA-16","caterpillar-sofa-16","毛毛虫沙发","caterpillar-sofa","毛毛虫沙发 毛毛虫双人位 / 多色组合","combo","毛毛虫双人位 / 多色组合","毛毛虫双人位 / 多色组合","","","","","","","真空压缩包装，待厂家确认","24-72 小时，待厂家确认","D:\沙发网站\厂家资料-待整理\主图\毛毛虫沙发\毛毛虫沙发_原始素材_47_毛毛虫双人位_多色组合_主图.png","D:\沙发网站\厂家资料-待整理\详情图\毛毛虫沙发\nano-banana-apimiiEUzUw06SS7wGTBU3cDSJw1vukfESC.png","draft_needs_price_specs"
"BS-CATERPILLARSOFA-17","caterpillar-sofa-17","毛毛虫沙发","caterpillar-sofa","毛毛虫沙发 毛毛虫双人位 / 粉色","double","毛毛虫双人位 / 粉色","毛毛虫双人位 / 粉色","","","","","","","真空压缩包装，待厂家确认","24-72 小时，待厂家确认","D:\沙发网站\厂家资料-待整理\主图\毛毛虫沙发\毛毛虫沙发_原始素材_48_毛毛虫双人位_粉色_主图.png","D:\沙发网站\厂家资料-待整理\详情图\毛毛虫沙发\nano-banana-apimiiEUzUw06SS7wGTBU3cDSJw1vukfESC.png","draft_needs_price_specs"
"BS-CATERPILLARSOFA-18","caterpillar-sofa-18","毛毛虫沙发","caterpillar-sofa","毛毛虫沙发 毛毛虫双人位 / 湖蓝色","double","毛毛虫双人位 / 湖蓝色","毛毛虫双人位 / 湖蓝色","","","","","","","真空压缩包装，待厂家确认","24-72 小时，待厂家确认","D:\沙发网站\厂家资料-待整理\主图\毛毛虫沙发\毛毛虫沙发_原始素材_49_毛毛虫双人位_湖蓝色_主图.png","D:\沙发网站\厂家资料-待整理\详情图\毛毛虫沙发\nano-banana-apimiiEUzUw06SS7wGTBU3cDSJw1vukfESC.png","draft_needs_price_specs"
"BS-CATERPILLARSOFA-19","caterpillar-sofa-19","毛毛虫沙发","caterpillar-sofa","毛毛虫沙发 毛毛虫双人位 / 姜黄色","double","毛毛虫双人位 / 姜黄色","毛毛虫双人位 / 姜黄色","","","","","","","真空压缩包装，待厂家确认","24-72 小时，待厂家确认","D:\沙发网站\厂家资料-待整理\主图\毛毛虫沙发\毛毛虫沙发_原始素材_50_毛毛虫双人位_姜黄色_主图.png","D:\沙发网站\厂家资料-待整理\详情图\毛毛虫沙发\nano-banana-apimiiEUzUw06SS7wGTBU3cDSJw1vukfESC.png","draft_needs_price_specs"
"BS-CATERPILLARSOFA-20","caterpillar-sofa-20","毛毛虫沙发","caterpillar-sofa","毛毛虫沙发 毛毛虫双人位 / 焦糖棕色","double","毛毛虫双人位 / 焦糖棕色","毛毛虫双人位 / 焦糖棕色","","","","","","","真空压缩包装，待厂家确认","24-72 小时，待厂家确认","D:\沙发网站\厂家资料-待整理\主图\毛毛虫沙发\毛毛虫沙发_原始素材_51_毛毛虫双人位_焦糖棕色_主图.png","D:\沙发网站\厂家资料-待整理\详情图\毛毛虫沙发\nano-banana-apimiiEUzUw06SS7wGTBU3cDSJw1vukfESC.png","draft_needs_price_specs"
"BS-CATERPILLARSOFA-21","caterpillar-sofa-21","毛毛虫沙发","caterpillar-sofa","毛毛虫沙发 毛毛虫双人位 / 浅灰色","double","毛毛虫双人位 / 浅灰色","毛毛虫双人位 / 浅灰色","","","","","","","真空压缩包装，待厂家确认","24-72 小时，待厂家确认","D:\沙发网站\厂家资料-待整理\主图\毛毛虫沙发\毛毛虫沙发_原始素材_52_毛毛虫双人位_浅灰色_主图.png","D:\沙发网站\厂家资料-待整理\详情图\毛毛虫沙发\nano-banana-apimiiEUzUw06SS7wGTBU3cDSJw1vukfESC.png","draft_needs_price_specs"
"BS-CATERPILLARSOFA-22","caterpillar-sofa-22","毛毛虫沙发","caterpillar-sofa","毛毛虫沙发 毛毛虫双人位 / 深咖灰色","double","毛毛虫双人位 / 深咖灰色","毛毛虫双人位 / 深咖灰色","","","","","","","真空压缩包装，待厂家确认","24-72 小时，待厂家确认","D:\沙发网站\厂家资料-待整理\主图\毛毛虫沙发\毛毛虫沙发_原始素材_53_毛毛虫双人位_深咖灰色_主图.png","D:\沙发网站\厂家资料-待整理\详情图\毛毛虫沙发\nano-banana-apimiiEUzUw06SS7wGTBU3cDSJw1vukfESC.png","draft_needs_price_specs"
"BS-CATERPILLARSOFA-23","caterpillar-sofa-23","毛毛虫沙发","caterpillar-sofa","毛毛虫沙发 毛毛虫双人位 / 棕色","double","毛毛虫双人位 / 棕色","毛毛虫双人位 / 棕色","","","","","","","真空压缩包装，待厂家确认","24-72 小时，待厂家确认","D:\沙发网站\厂家资料-待整理\主图\毛毛虫沙发\毛毛虫沙发_原始素材_54_毛毛虫双人位_棕色_主图.png","D:\沙发网站\厂家资料-待整理\详情图\毛毛虫沙发\nano-banana-apimiiEUzUw06SS7wGTBU3cDSJw1vukfESC.png","draft_needs_price_specs"
"BS-MARSHMALLOWSOFA-01","marshmallow-sofa-01","棉花糖沙发1","marshmallow-sofa","棉花糖沙发1 奶油白","single","奶油白","奶油白","","","","","","","真空压缩包装，待厂家确认","24-72 小时，待厂家确认","D:\沙发网站\厂家资料-待整理\主图\棉花糖沙发1\棉花糖沙发1_原始素材_23_棉花糖沙发1_奶油白_主图.png","D:\沙发网站\厂家资料-待整理\详情图\棉花糖沙发1\棉花糖沙发_上下拼接长图.png","draft_needs_price_specs"
"BS-MARSHMALLOWSOFA-02","marshmallow-sofa-02","棉花糖沙发1","marshmallow-sofa","棉花糖沙发1 三人加脚垫 / 白色","combo","三人加脚垫 / 白色","三人加脚垫 / 白色","","","","","","","真空压缩包装，待厂家确认","24-72 小时，待厂家确认","D:\沙发网站\厂家资料-待整理\主图\棉花糖沙发1\棉花糖沙发1_原始素材_24_棉花糖沙发1_三人加脚垫_白色_主图.png","D:\沙发网站\厂家资料-待整理\详情图\棉花糖沙发1\棉花糖沙发_上下拼接长图.png","draft_needs_price_specs"
"BS-MARSHMALLOWSOFA-03","marshmallow-sofa-03","棉花糖沙发1","marshmallow-sofa","棉花糖沙发1 三人加脚垫 / 黑白双拼","combo","三人加脚垫 / 黑白双拼","三人加脚垫 / 黑白双拼","","","","","","","真空压缩包装，待厂家确认","24-72 小时，待厂家确认","D:\沙发网站\厂家资料-待整理\主图\棉花糖沙发1\棉花糖沙发1_原始素材_25_棉花糖沙发1_三人加脚垫_黑白双拼_主图.png","D:\沙发网站\厂家资料-待整理\详情图\棉花糖沙发1\棉花糖沙发_上下拼接长图.png","draft_needs_price_specs"
"BS-MARSHMALLOWSOFA-04","marshmallow-sofa-04","棉花糖沙发1","marshmallow-sofa","棉花糖沙发1 三人加脚垫 / 黑色","combo","三人加脚垫 / 黑色","三人加脚垫 / 黑色","","","","","","","真空压缩包装，待厂家确认","24-72 小时，待厂家确认","D:\沙发网站\厂家资料-待整理\主图\棉花糖沙发1\棉花糖沙发1_原始素材_26_棉花糖沙发1_三人加脚垫_黑色_主图.png","D:\沙发网站\厂家资料-待整理\详情图\棉花糖沙发1\棉花糖沙发_上下拼接长图.png","draft_needs_price_specs"
"BS-MARSHMALLOWSOFA-05","marshmallow-sofa-05","棉花糖沙发1","marshmallow-sofa","棉花糖沙发1 三人位 / 白色","triple","三人位 / 白色","三人位 / 白色","","","","","","","真空压缩包装，待厂家确认","24-72 小时，待厂家确认","D:\沙发网站\厂家资料-待整理\主图\棉花糖沙发1\棉花糖沙发1_原始素材_27_棉花糖沙发1_三人位_白色_主图.png","D:\沙发网站\厂家资料-待整理\详情图\棉花糖沙发1\棉花糖沙发_上下拼接长图.png","draft_needs_price_specs"
"BS-MARSHMALLOWSOFA-06","marshmallow-sofa-06","棉花糖沙发1","marshmallow-sofa","棉花糖沙发1 三人位 / 黑白双拼","triple","三人位 / 黑白双拼","三人位 / 黑白双拼","","","","","","","真空压缩包装，待厂家确认","24-72 小时，待厂家确认","D:\沙发网站\厂家资料-待整理\主图\棉花糖沙发1\棉花糖沙发1_原始素材_28_棉花糖沙发1_三人位_黑白双拼_主图.png","D:\沙发网站\厂家资料-待整理\详情图\棉花糖沙发1\棉花糖沙发_上下拼接长图.png","draft_needs_price_specs"
"BS-MARSHMALLOWSOFA-07","marshmallow-sofa-07","棉花糖沙发1","marshmallow-sofa","棉花糖沙发1 三人位 / 黑色","triple","三人位 / 黑色","三人位 / 黑色","","","","","","","真空压缩包装，待厂家确认","24-72 小时，待厂家确认","D:\沙发网站\厂家资料-待整理\主图\棉花糖沙发1\棉花糖沙发1_原始素材_29_棉花糖沙发1_三人位_黑色_主图.png","D:\沙发网站\厂家资料-待整理\详情图\棉花糖沙发1\棉花糖沙发_上下拼接长图.png","draft_needs_price_specs"
"BS-MARSHMALLOWSOFA-08","marshmallow-sofa-08","棉花糖沙发1","marshmallow-sofa","棉花糖沙发1 双人位 / 白色","double","双人位 / 白色","双人位 / 白色","","","","","","","真空压缩包装，待厂家确认","24-72 小时，待厂家确认","D:\沙发网站\厂家资料-待整理\主图\棉花糖沙发1\棉花糖沙发1_原始素材_30_棉花糖沙发1_双人位_白色_主图.png","D:\沙发网站\厂家资料-待整理\详情图\棉花糖沙发1\棉花糖沙发_上下拼接长图.png","draft_needs_price_specs"
"BS-MARSHMALLOWSOFA-09","marshmallow-sofa-09","棉花糖沙发1","marshmallow-sofa","棉花糖沙发1 双人位 / 黑白双拼","double","双人位 / 黑白双拼","双人位 / 黑白双拼","","","","","","","真空压缩包装，待厂家确认","24-72 小时，待厂家确认","D:\沙发网站\厂家资料-待整理\主图\棉花糖沙发1\棉花糖沙发1_原始素材_31_棉花糖沙发1_双人位_黑白双拼_主图.png","D:\沙发网站\厂家资料-待整理\详情图\棉花糖沙发1\棉花糖沙发_上下拼接长图.png","draft_needs_price_specs"
"BS-MARSHMALLOWSOFA-10","marshmallow-sofa-10","棉花糖沙发1","marshmallow-sofa","棉花糖沙发1 双人位 / 黑色","double","双人位 / 黑色","双人位 / 黑色","","","","","","","真空压缩包装，待厂家确认","24-72 小时，待厂家确认","D:\沙发网站\厂家资料-待整理\主图\棉花糖沙发1\棉花糖沙发1_原始素材_32_棉花糖沙发1_双人位_黑色_主图.png","D:\沙发网站\厂家资料-待整理\详情图\棉花糖沙发1\棉花糖沙发_上下拼接长图.png","draft_needs_price_specs"
"BS-BUBBLESOFA-01","bubble-sofa-01","泡泡沙发","bubble-sofa","泡泡沙发 白色单人位","single","白色单人位","白色单人位","","","","","","","真空压缩包装，待厂家确认","24-72 小时，待厂家确认","D:\沙发网站\厂家资料-待整理\主图\泡泡沙发\泡泡沙发_原始素材_13_白色单人位.png","D:\沙发网站\厂家资料-待整理\详情图\泡泡沙发\NanoBanana-2026-07-03.jpg","draft_needs_price_specs"
"BS-BUBBLESOFA-02","bubble-sofa-02","泡泡沙发","bubble-sofa","泡泡沙发 黄绿色双人位","double","黄绿色双人位","黄绿色双人位","","","","","","","真空压缩包装，待厂家确认","24-72 小时，待厂家确认","D:\沙发网站\厂家资料-待整理\主图\泡泡沙发\泡泡沙发_原始素材_14_黄绿色双人位.png","D:\沙发网站\厂家资料-待整理\详情图\泡泡沙发\NanoBanana-2026-07-03.jpg","draft_needs_price_specs"
"BS-BUBBLESOFA-03","bubble-sofa-03","泡泡沙发","bubble-sofa","泡泡沙发 灰色双人位","double","灰色双人位","灰色双人位","","","","","","","真空压缩包装，待厂家确认","24-72 小时，待厂家确认","D:\沙发网站\厂家资料-待整理\主图\泡泡沙发\泡泡沙发_原始素材_15_灰色双人位.png","D:\沙发网站\厂家资料-待整理\详情图\泡泡沙发\NanoBanana-2026-07-03.jpg","draft_needs_price_specs"
"BS-BUBBLESOFA-04","bubble-sofa-04","泡泡沙发","bubble-sofa","泡泡沙发 绿色3人位","triple","绿色3人位","绿色3人位","","","","","","","真空压缩包装，待厂家确认","24-72 小时，待厂家确认","D:\沙发网站\厂家资料-待整理\主图\泡泡沙发\泡泡沙发_原始素材_16_绿色3人位.jpg","D:\沙发网站\厂家资料-待整理\详情图\泡泡沙发\NanoBanana-2026-07-03.jpg","draft_needs_price_specs"
"BS-BUBBLESOFA-05","bubble-sofa-05","泡泡沙发","bubble-sofa","泡泡沙发 米白色单人+脚踏","combo","米白色单人+脚踏","米白色单人+脚踏","","","","","","","真空压缩包装，待厂家确认","24-72 小时，待厂家确认","D:\沙发网站\厂家资料-待整理\主图\泡泡沙发\泡泡沙发_原始素材_17_米白色单人+脚踏.png","D:\沙发网站\厂家资料-待整理\详情图\泡泡沙发\NanoBanana-2026-07-03.jpg","draft_needs_price_specs"
"BS-BUBBLESOFA-06","bubble-sofa-06","泡泡沙发","bubble-sofa","泡泡沙发 天蓝色双人","double","天蓝色双人","天蓝色双人","","","","","","","真空压缩包装，待厂家确认","24-72 小时，待厂家确认","D:\沙发网站\厂家资料-待整理\主图\泡泡沙发\泡泡沙发_原始素材_18_天蓝色双人.png","D:\沙发网站\厂家资料-待整理\详情图\泡泡沙发\NanoBanana-2026-07-03.jpg","draft_needs_price_specs"
"BS-BUBBLESOFA-07","bubble-sofa-07","泡泡沙发","bubble-sofa","泡泡沙发 紫色单人位","single","紫色单人位","紫色单人位","","","","","","","真空压缩包装，待厂家确认","24-72 小时，待厂家确认","D:\沙发网站\厂家资料-待整理\主图\泡泡沙发\泡泡沙发_原始素材_19_紫色单人位.png","D:\沙发网站\厂家资料-待整理\详情图\泡泡沙发\NanoBanana-2026-07-03.jpg","draft_needs_price_specs"
"BS-PIEMONTESOFA-01","piemonte-sofa-01","皮埃蒙特","piemonte-sofa","皮埃蒙特 黑白条纹","single","黑白条纹","黑白条纹","","","","","","","真空压缩包装，待厂家确认","24-72 小时，待厂家确认","D:\沙发网站\厂家资料-待整理\主图\皮埃蒙特\皮埃蒙特_原始素材_10_皮埃蒙特_黑白条纹_主图.png","D:\沙发网站\厂家资料-待整理\详情图\皮埃蒙特\NanoBanana-2026-07-03 (1).jpg","draft_needs_price_specs"
"BS-PIEMONTESOFA-02","piemonte-sofa-02","皮埃蒙特","piemonte-sofa","皮埃蒙特 姜黄色","single","姜黄色","姜黄色","","","","","","","真空压缩包装，待厂家确认","24-72 小时，待厂家确认","D:\沙发网站\厂家资料-待整理\主图\皮埃蒙特\皮埃蒙特_原始素材_11_皮埃蒙特_姜黄色_主图.png","D:\沙发网站\厂家资料-待整理\详情图\皮埃蒙特\NanoBanana-2026-07-03 (1).jpg","draft_needs_price_specs"
"BS-PIEMONTESOFA-03","piemonte-sofa-03","皮埃蒙特","piemonte-sofa","皮埃蒙特 米白色","single","米白色","米白色","","","","","","","真空压缩包装，待厂家确认","24-72 小时，待厂家确认","D:\沙发网站\厂家资料-待整理\主图\皮埃蒙特\皮埃蒙特_原始素材_12_皮埃蒙特_米白色_主图.png","D:\沙发网站\厂家资料-待整理\详情图\皮埃蒙特\NanoBanana-2026-07-03 (1).jpg","draft_needs_price_specs"
"BS-PIEMONTESOFA-04","piemonte-sofa-04","皮埃蒙特","piemonte-sofa","皮埃蒙特 棕色","single","棕色","棕色","","","","","","","真空压缩包装，待厂家确认","24-72 小时，待厂家确认","D:\沙发网站\厂家资料-待整理\主图\皮埃蒙特\皮埃蒙特_原始素材_13_皮埃蒙特_棕色_主图.png","D:\沙发网站\厂家资料-待整理\详情图\皮埃蒙特\NanoBanana-2026-07-03 (1).jpg","draft_needs_price_specs"
"BS-HUMANDOGBED-01","human-dog-bed-01","人类狗窝","human-dog-bed","人类狗窝","single","标准款","标准款","","","","","","","真空压缩包装，待厂家确认","24-72 小时，待厂家确认","D:\沙发网站\厂家资料-待整理\主图\人类狗窝\人类狗窝_原始素材_01_2025_05_08_11_53_IMG_6567_背景主图.png","D:\沙发网站\厂家资料-待整理\详情图\人类狗窝\人类狗窝_详情图_09_nano-banana-free-rMrya8WgIXnuvmCliv900zjZRHnNQzgNs1J.jpg","draft_needs_price_specs"
"BS-HUMANDOGBED-02","human-dog-bed-02","人类狗窝","human-dog-bed","人类狗窝","single","标准款","标准款","","","","","","","真空压缩包装，待厂家确认","24-72 小时，待厂家确认","D:\沙发网站\厂家资料-待整理\主图\人类狗窝\人类狗窝_原始素材_02_2025_05_08_11_54_IMG_6571_背景主图.png","D:\沙发网站\厂家资料-待整理\详情图\人类狗窝\人类狗窝_详情图_09_nano-banana-free-rMrya8WgIXnuvmCliv900zjZRHnNQzgNs1J.jpg","draft_needs_price_specs"
"BS-TRIFOLDSOFA-01","tri-fold-sofa-01","三折叠沙发","tri-fold-sofa","三折叠沙发 暖色客厅主图","single","暖色客厅主图","暖色客厅主图","","","","","","","真空压缩包装，待厂家确认","24-72 小时，待厂家确认","D:\沙发网站\厂家资料-待整理\主图\三折叠沙发\三折叠沙发_原始素材_01_2024_12_09_15_31_IMG_3690_暖色客厅主图.png","D:\沙发网站\厂家资料-待整理\详情图\三折叠沙发\三折叠沙发_详情图_08_nano-banana-free-Bn3Q6Nvq9oKipQ7mHppO18dNbs3LtJNPYDW.jpg","draft_needs_price_specs"
"BS-TRIFOLDSOFA-02","tri-fold-sofa-02","三折叠沙发","tri-fold-sofa","三折叠沙发 暖色客厅主图","single","暖色客厅主图","暖色客厅主图","","","","","","","真空压缩包装，待厂家确认","24-72 小时，待厂家确认","D:\沙发网站\厂家资料-待整理\主图\三折叠沙发\三折叠沙发_原始素材_02_2024_12_09_15_32_IMG_3691_暖色客厅主图.png","D:\沙发网站\厂家资料-待整理\详情图\三折叠沙发\三折叠沙发_详情图_08_nano-banana-free-Bn3Q6Nvq9oKipQ7mHppO18dNbs3LtJNPYDW.jpg","draft_needs_price_specs"
"BS-TRIFOLDSOFA-03","tri-fold-sofa-03","三折叠沙发","tri-fold-sofa","三折叠沙发 暖色客厅主图","single","暖色客厅主图","暖色客厅主图","","","","","","","真空压缩包装，待厂家确认","24-72 小时，待厂家确认","D:\沙发网站\厂家资料-待整理\主图\三折叠沙发\三折叠沙发_原始素材_03_2024_12_09_15_35_IMG_3692_暖色客厅主图.png","D:\沙发网站\厂家资料-待整理\详情图\三折叠沙发\三折叠沙发_详情图_08_nano-banana-free-Bn3Q6Nvq9oKipQ7mHppO18dNbs3LtJNPYDW.jpg","draft_needs_price_specs"
"BS-TRIFOLDSOFA-04","tri-fold-sofa-04","三折叠沙发","tri-fold-sofa","三折叠沙发 暖色客厅主图","single","暖色客厅主图","暖色客厅主图","","","","","","","真空压缩包装，待厂家确认","24-72 小时，待厂家确认","D:\沙发网站\厂家资料-待整理\主图\三折叠沙发\三折叠沙发_原始素材_04_2024_12_09_15_36_IMG_3693_暖色客厅主图.png","D:\沙发网站\厂家资料-待整理\详情图\三折叠沙发\三折叠沙发_详情图_08_nano-banana-free-Bn3Q6Nvq9oKipQ7mHppO18dNbs3LtJNPYDW.jpg","draft_needs_price_specs"
"BS-TRIFOLDSOFA-05","tri-fold-sofa-05","三折叠沙发","tri-fold-sofa","三折叠沙发 暖色客厅主图","single","暖色客厅主图","暖色客厅主图","","","","","","","真空压缩包装，待厂家确认","24-72 小时，待厂家确认","D:\沙发网站\厂家资料-待整理\主图\三折叠沙发\三折叠沙发_原始素材_05_2024_12_09_15_36_IMG_3694_暖色客厅主图.png","D:\沙发网站\厂家资料-待整理\详情图\三折叠沙发\三折叠沙发_详情图_08_nano-banana-free-Bn3Q6Nvq9oKipQ7mHppO18dNbs3LtJNPYDW.jpg","draft_needs_price_specs"
"BS-TRIFOLDSOFA-06","tri-fold-sofa-06","三折叠沙发","tri-fold-sofa","三折叠沙发 暖色客厅主图","single","暖色客厅主图","暖色客厅主图","","","","","","","真空压缩包装，待厂家确认","24-72 小时，待厂家确认","D:\沙发网站\厂家资料-待整理\主图\三折叠沙发\三折叠沙发_原始素材_06_2024_12_09_15_37_IMG_3695_暖色客厅主图.png","D:\沙发网站\厂家资料-待整理\详情图\三折叠沙发\三折叠沙发_详情图_08_nano-banana-free-Bn3Q6Nvq9oKipQ7mHppO18dNbs3LtJNPYDW.jpg","draft_needs_price_specs"
"BS-TRIFOLDSOFA-07","tri-fold-sofa-07","三折叠沙发","tri-fold-sofa","三折叠沙发 暖色客厅主图","single","暖色客厅主图","暖色客厅主图","","","","","","","真空压缩包装，待厂家确认","24-72 小时，待厂家确认","D:\沙发网站\厂家资料-待整理\主图\三折叠沙发\三折叠沙发_原始素材_07_2024_12_09_15_38_IMG_3696_暖色客厅主图.png","D:\沙发网站\厂家资料-待整理\详情图\三折叠沙发\三折叠沙发_详情图_08_nano-banana-free-Bn3Q6Nvq9oKipQ7mHppO18dNbs3LtJNPYDW.jpg","draft_needs_price_specs"
"BS-TRIFOLDSOFA-08","tri-fold-sofa-08","三折叠沙发","tri-fold-sofa","三折叠沙发 暖色客厅主图","single","暖色客厅主图","暖色客厅主图","","","","","","","真空压缩包装，待厂家确认","24-72 小时，待厂家确认","D:\沙发网站\厂家资料-待整理\主图\三折叠沙发\三折叠沙发_原始素材_08_2024_12_09_15_38_IMG_3697_暖色客厅主图.png","D:\沙发网站\厂家资料-待整理\详情图\三折叠沙发\三折叠沙发_详情图_08_nano-banana-free-Bn3Q6Nvq9oKipQ7mHppO18dNbs3LtJNPYDW.jpg","draft_needs_price_specs"
"BS-TRIFOLDSOFA-09","tri-fold-sofa-09","三折叠沙发","tri-fold-sofa","三折叠沙发 暖色客厅主图","single","暖色客厅主图","暖色客厅主图","","","","","","","真空压缩包装，待厂家确认","24-72 小时，待厂家确认","D:\沙发网站\厂家资料-待整理\主图\三折叠沙发\三折叠沙发_原始素材_09_2024_12_09_15_39_IMG_3698_暖色客厅主图.png","D:\沙发网站\厂家资料-待整理\详情图\三折叠沙发\三折叠沙发_详情图_08_nano-banana-free-Bn3Q6Nvq9oKipQ7mHppO18dNbs3LtJNPYDW.jpg","draft_needs_price_specs"
"BS-TRIFOLDSOFA-10","tri-fold-sofa-10","三折叠沙发","tri-fold-sofa","三折叠沙发 暖色客厅主图","single","暖色客厅主图","暖色客厅主图","","","","","","","真空压缩包装，待厂家确认","24-72 小时，待厂家确认","D:\沙发网站\厂家资料-待整理\主图\三折叠沙发\三折叠沙发_原始素材_10_2024_12_09_15_39_IMG_3699_暖色客厅主图.png","D:\沙发网站\厂家资料-待整理\详情图\三折叠沙发\三折叠沙发_详情图_08_nano-banana-free-Bn3Q6Nvq9oKipQ7mHppO18dNbs3LtJNPYDW.jpg","draft_needs_price_specs"
"BS-TRIFOLDSOFA-11","tri-fold-sofa-11","三折叠沙发","tri-fold-sofa","三折叠沙发 暖色客厅主图","single","暖色客厅主图","暖色客厅主图","","","","","","","真空压缩包装，待厂家确认","24-72 小时，待厂家确认","D:\沙发网站\厂家资料-待整理\主图\三折叠沙发\三折叠沙发_原始素材_11_2024_12_09_15_40_IMG_3700_暖色客厅主图.png","D:\沙发网站\厂家资料-待整理\详情图\三折叠沙发\三折叠沙发_详情图_08_nano-banana-free-Bn3Q6Nvq9oKipQ7mHppO18dNbs3LtJNPYDW.jpg","draft_needs_price_specs"
"BS-TRIFOLDSOFA-12","tri-fold-sofa-12","三折叠沙发","tri-fold-sofa","三折叠沙发 暖色客厅主图","single","暖色客厅主图","暖色客厅主图","","","","","","","真空压缩包装，待厂家确认","24-72 小时，待厂家确认","D:\沙发网站\厂家资料-待整理\主图\三折叠沙发\三折叠沙发_原始素材_12_2024_12_09_15_41_IMG_3701_暖色客厅主图.png","D:\沙发网站\厂家资料-待整理\详情图\三折叠沙发\三折叠沙发_详情图_08_nano-banana-free-Bn3Q6Nvq9oKipQ7mHppO18dNbs3LtJNPYDW.jpg","draft_needs_price_specs"
"BS-TRIFOLDSOFA-13","tri-fold-sofa-13","三折叠沙发","tri-fold-sofa","三折叠沙发 暖色客厅主图","single","暖色客厅主图","暖色客厅主图","","","","","","","真空压缩包装，待厂家确认","24-72 小时，待厂家确认","D:\沙发网站\厂家资料-待整理\主图\三折叠沙发\三折叠沙发_原始素材_13_2024_12_09_15_42_IMG_3702_暖色客厅主图.png","D:\沙发网站\厂家资料-待整理\详情图\三折叠沙发\三折叠沙发_详情图_08_nano-banana-free-Bn3Q6Nvq9oKipQ7mHppO18dNbs3LtJNPYDW.jpg","draft_needs_price_specs"
"BS-TRIFOLDSOFA-14","tri-fold-sofa-14","三折叠沙发","tri-fold-sofa","三折叠沙发 暖色客厅主图","single","暖色客厅主图","暖色客厅主图","","","","","","","真空压缩包装，待厂家确认","24-72 小时，待厂家确认","D:\沙发网站\厂家资料-待整理\主图\三折叠沙发\三折叠沙发_原始素材_14_2024_12_09_15_42_IMG_3703_暖色客厅主图.png","D:\沙发网站\厂家资料-待整理\详情图\三折叠沙发\三折叠沙发_详情图_08_nano-banana-free-Bn3Q6Nvq9oKipQ7mHppO18dNbs3LtJNPYDW.jpg","draft_needs_price_specs"
"BS-TRIFOLDSOFA-15","tri-fold-sofa-15","三折叠沙发","tri-fold-sofa","三折叠沙发 暖色客厅主图","single","暖色客厅主图","暖色客厅主图","","","","","","","真空压缩包装，待厂家确认","24-72 小时，待厂家确认","D:\沙发网站\厂家资料-待整理\主图\三折叠沙发\三折叠沙发_原始素材_15_2024_12_09_15_43_IMG_3704_暖色客厅主图.png","D:\沙发网站\厂家资料-待整理\详情图\三折叠沙发\三折叠沙发_详情图_08_nano-banana-free-Bn3Q6Nvq9oKipQ7mHppO18dNbs3LtJNPYDW.jpg","draft_needs_price_specs"
"BS-TRIFOLDSOFA-16","tri-fold-sofa-16","三折叠沙发","tri-fold-sofa","三折叠沙发 暖色客厅主图","single","暖色客厅主图","暖色客厅主图","","","","","","","真空压缩包装，待厂家确认","24-72 小时，待厂家确认","D:\沙发网站\厂家资料-待整理\主图\三折叠沙发\三折叠沙发_原始素材_16_2024_12_09_15_44_IMG_3705_暖色客厅主图.png","D:\沙发网站\厂家资料-待整理\详情图\三折叠沙发\三折叠沙发_详情图_08_nano-banana-free-Bn3Q6Nvq9oKipQ7mHppO18dNbs3LtJNPYDW.jpg","draft_needs_price_specs"
"BS-TRIFOLDSOFA-17","tri-fold-sofa-17","三折叠沙发","tri-fold-sofa","三折叠沙发 暖色客厅主图","single","暖色客厅主图","暖色客厅主图","","","","","","","真空压缩包装，待厂家确认","24-72 小时，待厂家确认","D:\沙发网站\厂家资料-待整理\主图\三折叠沙发\三折叠沙发_原始素材_17_2024_12_09_15_45_IMG_3706_暖色客厅主图.png","D:\沙发网站\厂家资料-待整理\详情图\三折叠沙发\三折叠沙发_详情图_08_nano-banana-free-Bn3Q6Nvq9oKipQ7mHppO18dNbs3LtJNPYDW.jpg","draft_needs_price_specs"
"BS-TRIFOLDSOFA-18","tri-fold-sofa-18","三折叠沙发","tri-fold-sofa","三折叠沙发 暖色客厅主图","single","暖色客厅主图","暖色客厅主图","","","","","","","真空压缩包装，待厂家确认","24-72 小时，待厂家确认","D:\沙发网站\厂家资料-待整理\主图\三折叠沙发\三折叠沙发_原始素材_18_2024_12_09_15_45_IMG_3707_暖色客厅主图.png","D:\沙发网站\厂家资料-待整理\详情图\三折叠沙发\三折叠沙发_详情图_08_nano-banana-free-Bn3Q6Nvq9oKipQ7mHppO18dNbs3LtJNPYDW.jpg","draft_needs_price_specs"
"BS-TRIFOLDSOFA-19","tri-fold-sofa-19","三折叠沙发","tri-fold-sofa","三折叠沙发 暖色客厅主图","single","暖色客厅主图","暖色客厅主图","","","","","","","真空压缩包装，待厂家确认","24-72 小时，待厂家确认","D:\沙发网站\厂家资料-待整理\主图\三折叠沙发\三折叠沙发_原始素材_22_三折叠沙发_暖色客厅主图.png","D:\沙发网站\厂家资料-待整理\详情图\三折叠沙发\三折叠沙发_详情图_08_nano-banana-free-Bn3Q6Nvq9oKipQ7mHppO18dNbs3LtJNPYDW.jpg","draft_needs_price_specs"
"BS-SHARPEISOFABED-01","sharpei-sofa-bed-01","沙皮狗拉床","sharpei-sofa-bed","沙皮狗拉床 绿色 / 拉床状态","single","绿色 / 拉床状态","绿色 / 拉床状态","","","","","","","真空压缩包装，待厂家确认","24-72 小时，待厂家确认","D:\沙发网站\厂家资料-待整理\主图\沙皮狗拉床\沙皮狗拉床_原始素材_05_沙皮狗拉床_绿色_拉床状态_主图.png","D:\沙发网站\厂家资料-待整理\详情图\沙皮狗拉床\沙皮狗拉床_原始素材_05_沙皮狗拉床_绿色_拉床状态_主图.png","draft_needs_price_specs"
"BS-SHARPEISOFABED-02","sharpei-sofa-bed-02","沙皮狗拉床","sharpei-sofa-bed","沙皮狗拉床 绿色 / 沙发状态","single","绿色 / 沙发状态","绿色 / 沙发状态","","","","","","","真空压缩包装，待厂家确认","24-72 小时，待厂家确认","D:\沙发网站\厂家资料-待整理\主图\沙皮狗拉床\沙皮狗拉床_原始素材_06_沙皮狗拉床_绿色_沙发状态_主图.png","D:\沙发网站\厂家资料-待整理\详情图\沙皮狗拉床\沙皮狗拉床_原始素材_05_沙皮狗拉床_绿色_拉床状态_主图.png","draft_needs_price_specs"
"BS-SHARPEISOFABED-03","sharpei-sofa-bed-03","沙皮狗拉床","sharpei-sofa-bed","沙皮狗拉床 绿色","single","绿色","绿色","","","","","","","真空压缩包装，待厂家确认","24-72 小时，待厂家确认","D:\沙发网站\厂家资料-待整理\主图\沙皮狗拉床\沙皮狗拉床_原始素材_07_沙皮狗拉床_绿色_主图.png","D:\沙发网站\厂家资料-待整理\详情图\沙皮狗拉床\沙皮狗拉床_原始素材_05_沙皮狗拉床_绿色_拉床状态_主图.png","draft_needs_price_specs"
"BS-TEDDYCHAISEA-01","teddy-chaise-a-01","泰迪-A-贵妃","teddy-chaise-a","泰迪-A-贵妃","combo","标准款","标准款","","","","","","","真空压缩包装，待厂家确认","24-72 小时，待厂家确认","D:\沙发网站\厂家资料-待整理\主图\泰迪-A-贵妃\泰迪-A-贵妃_原始素材_01_微信图片_2025-07-18_182409_489_背景主图.png","D:\沙发网站\厂家资料-待整理\详情图\泰迪-A-贵妃\泰迪-A-贵妃_详情图_08_NanoBanana-2026-06-30_(2).jpg","draft_needs_price_specs"
"BS-TEDDYCHAISEA-02","teddy-chaise-a-02","泰迪-A-贵妃","teddy-chaise-a","泰迪-A-贵妃","combo","标准款","标准款","","","","","","","真空压缩包装，待厂家确认","24-72 小时，待厂家确认","D:\沙发网站\厂家资料-待整理\主图\泰迪-A-贵妃\泰迪-A-贵妃_原始素材_02_微信图片_2025-07-18_182422_033_背景主图.png","D:\沙发网站\厂家资料-待整理\详情图\泰迪-A-贵妃\泰迪-A-贵妃_详情图_08_NanoBanana-2026-06-30_(2).jpg","draft_needs_price_specs"
"BS-TEDDYCHAISEA-03","teddy-chaise-a-03","泰迪-A-贵妃","teddy-chaise-a","泰迪-A-贵妃","combo","标准款","标准款","","","","","","","真空压缩包装，待厂家确认","24-72 小时，待厂家确认","D:\沙发网站\厂家资料-待整理\主图\泰迪-A-贵妃\泰迪-A-贵妃_原始素材_03_微信图片_2025-07-18_182429_680_背景主图.png","D:\沙发网站\厂家资料-待整理\详情图\泰迪-A-贵妃\泰迪-A-贵妃_详情图_08_NanoBanana-2026-06-30_(2).jpg","draft_needs_price_specs"
"BS-TEDDYBEARSOFAA-01","teddy-bear-sofa-a-01","泰迪熊沙发-A","teddy-bear-sofa-a","泰迪熊沙发-A","single","标准款","标准款","","","","","","","真空压缩包装，待厂家确认","24-72 小时，待厂家确认","D:\沙发网站\厂家资料-待整理\主图\泰迪熊沙发-A\泰迪熊沙发-A_原始素材_03_2025_06_21_14_55_IMG_8058.jpg","D:\沙发网站\厂家资料-待整理\详情图\泰迪熊沙发-A\泰迪熊沙发-A_详情图_08_NanoBanana-2026-06-30.jpg","draft_needs_price_specs"
"BS-TEDDYBEARSOFAA-02","teddy-bear-sofa-a-02","泰迪熊沙发-A","teddy-bear-sofa-a","泰迪熊沙发-A","single","标准款","标准款","","","","","","","真空压缩包装，待厂家确认","24-72 小时，待厂家确认","D:\沙发网站\厂家资料-待整理\主图\泰迪熊沙发-A\泰迪熊沙发-A_原始素材_05_2025_06_21_14_57_IMG_8065.jpg","D:\沙发网站\厂家资料-待整理\详情图\泰迪熊沙发-A\泰迪熊沙发-A_详情图_08_NanoBanana-2026-06-30.jpg","draft_needs_price_specs"
"BS-TEDDYBEARSOFAA-03","teddy-bear-sofa-a-03","泰迪熊沙发-A","teddy-bear-sofa-a","泰迪熊沙发-A","single","标准款","标准款","","","","","","","真空压缩包装，待厂家确认","24-72 小时，待厂家确认","D:\沙发网站\厂家资料-待整理\主图\泰迪熊沙发-A\泰迪熊沙发-A_原始素材_10_download.png","D:\沙发网站\厂家资料-待整理\详情图\泰迪熊沙发-A\泰迪熊沙发-A_详情图_08_NanoBanana-2026-06-30.jpg","draft_needs_price_specs"
"BS-TEDDYBEARSOFAA-04","teddy-bear-sofa-a-04","泰迪熊沙发-A","teddy-bear-sofa-a","泰迪熊沙发-A","single","标准款","标准款","","","","","","","真空压缩包装，待厂家确认","24-72 小时，待厂家确认","D:\沙发网站\厂家资料-待整理\主图\泰迪熊沙发-A\泰迪熊沙发-A_原始素材_17_DPP_11665045_背景主图.png","D:\沙发网站\厂家资料-待整理\详情图\泰迪熊沙发-A\泰迪熊沙发-A_详情图_08_NanoBanana-2026-06-30.jpg","draft_needs_price_specs"
"BS-TEDDYBEARSOFAA-05","teddy-bear-sofa-a-05","泰迪熊沙发-A","teddy-bear-sofa-a","泰迪熊沙发-A","single","标准款","标准款","","","","","","","真空压缩包装，待厂家确认","24-72 小时，待厂家确认","D:\沙发网站\厂家资料-待整理\主图\泰迪熊沙发-A\泰迪熊沙发-A_原始素材_18_ig_0ded7dd298200d02016a4037cd1c688191914a48e41b2b2b7a.png","D:\沙发网站\厂家资料-待整理\详情图\泰迪熊沙发-A\泰迪熊沙发-A_详情图_08_NanoBanana-2026-06-30.jpg","draft_needs_price_specs"
"BS-TEDDYBEARSOFAA-06","teddy-bear-sofa-a-06","泰迪熊沙发-A","teddy-bear-sofa-a","泰迪熊沙发-A","single","标准款","标准款","","","","","","","真空压缩包装，待厂家确认","24-72 小时，待厂家确认","D:\沙发网站\厂家资料-待整理\主图\泰迪熊沙发-A\泰迪熊沙发-A_原始素材_19_ig_0ded7dd298200d02016a403811712c819184353dc7b024d818.png","D:\沙发网站\厂家资料-待整理\详情图\泰迪熊沙发-A\泰迪熊沙发-A_详情图_08_NanoBanana-2026-06-30.jpg","draft_needs_price_specs"
"BS-TEDDYBEARSOFAA-07","teddy-bear-sofa-a-07","泰迪熊沙发-A","teddy-bear-sofa-a","泰迪熊沙发-A 泰迪熊-A / 粉色 / 粉色 / 沙发状态","single","泰迪熊-A / 粉色 / 粉色 / 沙发状态","泰迪熊-A / 粉色 / 粉色 / 沙发状态","","","","","","","真空压缩包装，待厂家确认","24-72 小时，待厂家确认","D:\沙发网站\厂家资料-待整理\主图\泰迪熊沙发-A\泰迪熊沙发-A_原始素材_20_泰迪熊-A_粉色_粉色_沙发状态_主图.png","D:\沙发网站\厂家资料-待整理\详情图\泰迪熊沙发-A\泰迪熊沙发-A_详情图_08_NanoBanana-2026-06-30.jpg","draft_needs_price_specs"
"BS-TEDDYBEARSOFAA-08","teddy-bear-sofa-a-08","泰迪熊沙发-A","teddy-bear-sofa-a","泰迪熊沙发-A 泰迪熊-A / 粉色 / 粉色 / 展开状态","single","泰迪熊-A / 粉色 / 粉色 / 展开状态","泰迪熊-A / 粉色 / 粉色 / 展开状态","","","","","","","真空压缩包装，待厂家确认","24-72 小时，待厂家确认","D:\沙发网站\厂家资料-待整理\主图\泰迪熊沙发-A\泰迪熊沙发-A_原始素材_21_泰迪熊-A_粉色_粉色_展开状态_主图.png","D:\沙发网站\厂家资料-待整理\详情图\泰迪熊沙发-A\泰迪熊沙发-A_详情图_08_NanoBanana-2026-06-30.jpg","draft_needs_price_specs"
"BS-TEDDYBEARSOFAA-09","teddy-bear-sofa-a-09","泰迪熊沙发-A","teddy-bear-sofa-a","泰迪熊沙发-A 橙色 / 沙发状态","single","橙色 / 沙发状态","橙色 / 沙发状态","","","","","","","真空压缩包装，待厂家确认","24-72 小时，待厂家确认","D:\沙发网站\厂家资料-待整理\主图\泰迪熊沙发-A\泰迪熊沙发-A_原始素材_22_泰迪熊沙发-A_橙色_沙发状态_主图.png","D:\沙发网站\厂家资料-待整理\详情图\泰迪熊沙发-A\泰迪熊沙发-A_详情图_08_NanoBanana-2026-06-30.jpg","draft_needs_price_specs"
"BS-TEDDYBEARSOFAA-10","teddy-bear-sofa-a-10","泰迪熊沙发-A","teddy-bear-sofa-a","泰迪熊沙发-A 橙色 / 展开状态","single","橙色 / 展开状态","橙色 / 展开状态","","","","","","","真空压缩包装，待厂家确认","24-72 小时，待厂家确认","D:\沙发网站\厂家资料-待整理\主图\泰迪熊沙发-A\泰迪熊沙发-A_原始素材_23_泰迪熊沙发-A_橙色_展开状态_主图.png","D:\沙发网站\厂家资料-待整理\详情图\泰迪熊沙发-A\泰迪熊沙发-A_详情图_08_NanoBanana-2026-06-30.jpg","draft_needs_price_specs"
"BS-TEDDYBEARSOFAA-11","teddy-bear-sofa-a-11","泰迪熊沙发-A","teddy-bear-sofa-a","泰迪熊沙发-A 绿色","single","绿色","绿色","","","","","","","真空压缩包装，待厂家确认","24-72 小时，待厂家确认","D:\沙发网站\厂家资料-待整理\主图\泰迪熊沙发-A\泰迪熊沙发-A_原始素材_24_泰迪熊沙发-A_绿色_主图.png","D:\沙发网站\厂家资料-待整理\详情图\泰迪熊沙发-A\泰迪熊沙发-A_详情图_08_NanoBanana-2026-06-30.jpg","draft_needs_price_specs"
"BS-TEDDYBEARSOFAA-12","teddy-bear-sofa-a-12","泰迪熊沙发-A","teddy-bear-sofa-a","泰迪熊沙发-A 米白色","single","米白色","米白色","","","","","","","真空压缩包装，待厂家确认","24-72 小时，待厂家确认","D:\沙发网站\厂家资料-待整理\主图\泰迪熊沙发-A\泰迪熊沙发-A_原始素材_25_泰迪熊沙发-A_米白色_主图.png","D:\沙发网站\厂家资料-待整理\详情图\泰迪熊沙发-A\泰迪熊沙发-A_详情图_08_NanoBanana-2026-06-30.jpg","draft_needs_price_specs"
"BS-TEDDYBEARSOFAA-13","teddy-bear-sofa-a-13","泰迪熊沙发-A","teddy-bear-sofa-a","泰迪熊沙发-A 主图","single","主图","主图","","","","","","","真空压缩包装，待厂家确认","24-72 小时，待厂家确认","D:\沙发网站\厂家资料-待整理\主图\泰迪熊沙发-A\泰迪熊沙发-A_原始素材_26_泰迪熊沙发-A_主图.png","D:\沙发网站\厂家资料-待整理\详情图\泰迪熊沙发-A\泰迪熊沙发-A_详情图_08_NanoBanana-2026-06-30.jpg","draft_needs_price_specs"
"BS-TEDDYBEARSOFAA-14","teddy-bear-sofa-a-14","泰迪熊沙发-A","teddy-bear-sofa-a","泰迪熊沙发-A 泰迪熊沙发-C / 米黄色 / 沙发状态","single","泰迪熊沙发-C / 米黄色 / 沙发状态","泰迪熊沙发-C / 米黄色 / 沙发状态","","","","","","","真空压缩包装，待厂家确认","24-72 小时，待厂家确认","D:\沙发网站\厂家资料-待整理\主图\泰迪熊沙发-A\泰迪熊沙发-A_原始素材_27_泰迪熊沙发-C_米黄色_沙发状态_主图_加金属边框.png","D:\沙发网站\厂家资料-待整理\详情图\泰迪熊沙发-A\泰迪熊沙发-A_详情图_08_NanoBanana-2026-06-30.jpg","draft_needs_price_specs"
"BS-TEDDYBEARSOFAA-15","teddy-bear-sofa-a-15","泰迪熊沙发-A","teddy-bear-sofa-a","泰迪熊沙发-A","single","标准款","标准款","","","","","","","真空压缩包装，待厂家确认","24-72 小时，待厂家确认","D:\沙发网站\厂家资料-待整理\主图\泰迪熊沙发-A\泰迪熊沙发-A_原始素材_28_微信图片_2025-07-18_182443_641.jpg","D:\沙发网站\厂家资料-待整理\详情图\泰迪熊沙发-A\泰迪熊沙发-A_详情图_08_NanoBanana-2026-06-30.jpg","draft_needs_price_specs"
"BS-TEDDYBEARSOFAA-16","teddy-bear-sofa-a-16","泰迪熊沙发-A","teddy-bear-sofa-a","泰迪熊沙发-A","single","标准款","标准款","","","","","","","真空压缩包装，待厂家确认","24-72 小时，待厂家确认","D:\沙发网站\厂家资料-待整理\主图\泰迪熊沙发-A\泰迪熊沙发-A_原始素材_29_微信图片_2025-07-21_183223_927_背景主图.png","D:\沙发网站\厂家资料-待整理\详情图\泰迪熊沙发-A\泰迪熊沙发-A_详情图_08_NanoBanana-2026-06-30.jpg","draft_needs_price_specs"
"BS-CASHEWSOFA-01","cashew-sofa-01","腰果沙发","cashew-sofa","腰果沙发","single","标准款","标准款","","","","","","","真空压缩包装，待厂家确认","24-72 小时，待厂家确认","D:\沙发网站\厂家资料-待整理\主图\腰果沙发\腰果沙发_原始素材_01_2024_12_09_15_52_IMG_3717.jpg","D:\沙发网站\厂家资料-待整理\详情图\腰果沙发\详情页.jpg","draft_needs_price_specs"
"BS-CASHEWSOFA-02","cashew-sofa-02","腰果沙发","cashew-sofa","腰果沙发","single","标准款","标准款","","","","","","","真空压缩包装，待厂家确认","24-72 小时，待厂家确认","D:\沙发网站\厂家资料-待整理\主图\腰果沙发\腰果沙发_原始素材_02_2024_12_09_15_53_IMG_3718.jpg","D:\沙发网站\厂家资料-待整理\详情图\腰果沙发\详情页.jpg","draft_needs_price_specs"
"BS-CASHEWSOFA-03","cashew-sofa-03","腰果沙发","cashew-sofa","腰果沙发","single","标准款","标准款","","","","","","","真空压缩包装，待厂家确认","24-72 小时，待厂家确认","D:\沙发网站\厂家资料-待整理\主图\腰果沙发\腰果沙发_原始素材_03_2025_07_10_17_54_IMG_8629.jpg","D:\沙发网站\厂家资料-待整理\详情图\腰果沙发\详情页.jpg","draft_needs_price_specs"
"BS-CASHEWSOFA-04","cashew-sofa-04","腰果沙发","cashew-sofa","腰果沙发","single","标准款","标准款","","","","","","","真空压缩包装，待厂家确认","24-72 小时，待厂家确认","D:\沙发网站\厂家资料-待整理\主图\腰果沙发\腰果沙发_原始素材_04_2025_07_10_17_58_IMG_8638.jpg","D:\沙发网站\厂家资料-待整理\详情图\腰果沙发\详情页.jpg","draft_needs_price_specs"
"BS-CASHEWSOFA-05","cashew-sofa-05","腰果沙发","cashew-sofa","腰果沙发","single","标准款","标准款","","","","","","","真空压缩包装，待厂家确认","24-72 小时，待厂家确认","D:\沙发网站\厂家资料-待整理\主图\腰果沙发\腰果沙发_原始素材_05_21.jpg","D:\沙发网站\厂家资料-待整理\详情图\腰果沙发\详情页.jpg","draft_needs_price_specs"
"BS-CASHEWSOFA-06","cashew-sofa-06","腰果沙发","cashew-sofa","腰果沙发","single","标准款","标准款","","","","","","","真空压缩包装，待厂家确认","24-72 小时，待厂家确认","D:\沙发网站\厂家资料-待整理\主图\腰果沙发\腰果沙发_原始素材_06_DPP_11664946.jpg","D:\沙发网站\厂家资料-待整理\详情图\腰果沙发\详情页.jpg","draft_needs_price_specs"
"BS-CASHEWSOFA-07","cashew-sofa-07","腰果沙发","cashew-sofa","腰果沙发","single","标准款","标准款","","","","","","","真空压缩包装，待厂家确认","24-72 小时，待厂家确认","D:\沙发网站\厂家资料-待整理\主图\腰果沙发\腰果沙发_原始素材_07_DPP_11664949.jpg","D:\沙发网站\厂家资料-待整理\详情图\腰果沙发\详情页.jpg","draft_needs_price_specs"
"BS-CASHEWSOFA-08","cashew-sofa-08","腰果沙发","cashew-sofa","腰果沙发","single","标准款","标准款","","","","","","","真空压缩包装，待厂家确认","24-72 小时，待厂家确认","D:\沙发网站\厂家资料-待整理\主图\腰果沙发\腰果沙发_原始素材_08_DPP_11664951.jpg","D:\沙发网站\厂家资料-待整理\详情图\腰果沙发\详情页.jpg","draft_needs_price_specs"
"BS-CASHEWSOFA-09","cashew-sofa-09","腰果沙发","cashew-sofa","腰果沙发","single","标准款","标准款","","","","","","","真空压缩包装，待厂家确认","24-72 小时，待厂家确认","D:\沙发网站\厂家资料-待整理\主图\腰果沙发\腰果沙发_原始素材_09_DPP_11664954.jpg","D:\沙发网站\厂家资料-待整理\详情图\腰果沙发\详情页.jpg","draft_needs_price_specs"
"BS-CASHEWSOFA-10","cashew-sofa-10","腰果沙发","cashew-sofa","腰果沙发 姜黄色","single","姜黄色","姜黄色","","","","","","","真空压缩包装，待厂家确认","24-72 小时，待厂家确认","D:\沙发网站\厂家资料-待整理\主图\腰果沙发\腰果沙发_原始素材_10_腰果沙发_姜黄色_主图.png","D:\沙发网站\厂家资料-待整理\详情图\腰果沙发\详情页.jpg","draft_needs_price_specs"
"BS-CASHEWSOFA-11","cashew-sofa-11","腰果沙发","cashew-sofa","腰果沙发 米白色","single","米白色","米白色","","","","","","","真空压缩包装，待厂家确认","24-72 小时，待厂家确认","D:\沙发网站\厂家资料-待整理\主图\腰果沙发\腰果沙发_原始素材_11_腰果沙发_米白色_主图.png","D:\沙发网站\厂家资料-待整理\详情图\腰果沙发\详情页.jpg","draft_needs_price_specs"
"BS-CASHEWSOFA-12","cashew-sofa-12","腰果沙发","cashew-sofa","腰果沙发 深蓝色","single","深蓝色","深蓝色","","","","","","","真空压缩包装，待厂家确认","24-72 小时，待厂家确认","D:\沙发网站\厂家资料-待整理\主图\腰果沙发\腰果沙发_原始素材_12_腰果沙发_深蓝色_主图.png","D:\沙发网站\厂家资料-待整理\详情图\腰果沙发\详情页.jpg","draft_needs_price_specs"
"BS-YOGACHAIR-01","yoga-chair-01","瑜伽椅","yoga-chair","瑜伽椅 黄色状态1","single","黄色状态1","黄色状态1","","","","","","","真空压缩包装，待厂家确认","24-72 小时，待厂家确认","D:\沙发网站\厂家资料-待整理\主图\瑜伽椅\瑜伽椅_原始素材_01_图片_20260628120229_183_14_黄色状态1_背景主图.png","D:\沙发网站\厂家资料-待整理\详情图\瑜伽椅\瑜伽椅_详情图_08_NanoBanana-2026-07-01_(1)_生活场景替换版.png","draft_needs_price_specs"
"BS-YOGACHAIR-02","yoga-chair-02","瑜伽椅","yoga-chair","瑜伽椅 黄色状态2","single","黄色状态2","黄色状态2","","","","","","","真空压缩包装，待厂家确认","24-72 小时，待厂家确认","D:\沙发网站\厂家资料-待整理\主图\瑜伽椅\瑜伽椅_原始素材_02_图片_20260628120229_183_14_黄色状态2_背景主图.png","D:\沙发网站\厂家资料-待整理\详情图\瑜伽椅\瑜伽椅_详情图_08_NanoBanana-2026-07-01_(1)_生活场景替换版.png","draft_needs_price_specs"
"BS-YOGACHAIR-03","yoga-chair-03","瑜伽椅","yoga-chair","瑜伽椅 黄色状态3","single","黄色状态3","黄色状态3","","","","","","","真空压缩包装，待厂家确认","24-72 小时，待厂家确认","D:\沙发网站\厂家资料-待整理\主图\瑜伽椅\瑜伽椅_原始素材_03_图片_20260628120229_183_14_黄色状态3_背景主图.png","D:\沙发网站\厂家资料-待整理\详情图\瑜伽椅\瑜伽椅_详情图_08_NanoBanana-2026-07-01_(1)_生活场景替换版.png","draft_needs_price_specs"
"BS-YOGACHAIR-04","yoga-chair-04","瑜伽椅","yoga-chair","瑜伽椅","single","标准款","标准款","","","","","","","真空压缩包装，待厂家确认","24-72 小时，待厂家确认","D:\沙发网站\厂家资料-待整理\主图\瑜伽椅\瑜伽椅_原始素材_04_图片_20260628120232_185_14_背景主图.png","D:\沙发网站\厂家资料-待整理\详情图\瑜伽椅\瑜伽椅_详情图_08_NanoBanana-2026-07-01_(1)_生活场景替换版.png","draft_needs_price_specs"
"BS-YOGACHAIR-05","yoga-chair-05","瑜伽椅","yoga-chair","瑜伽椅","single","标准款","标准款","","","","","","","真空压缩包装，待厂家确认","24-72 小时，待厂家确认","D:\沙发网站\厂家资料-待整理\主图\瑜伽椅\瑜伽椅_原始素材_05_图片_20260628120234_186_14_背景主图.png","D:\沙发网站\厂家资料-待整理\详情图\瑜伽椅\瑜伽椅_详情图_08_NanoBanana-2026-07-01_(1)_生活场景替换版.png","draft_needs_price_specs"
"BS-YOGACHAIR-06","yoga-chair-06","瑜伽椅","yoga-chair","瑜伽椅","single","标准款","标准款","","","","","","","真空压缩包装，待厂家确认","24-72 小时，待厂家确认","D:\沙发网站\厂家资料-待整理\主图\瑜伽椅\瑜伽椅_原始素材_06_图片_20260628120236_187_14_背景主图.png","D:\沙发网站\厂家资料-待整理\详情图\瑜伽椅\瑜伽椅_详情图_08_NanoBanana-2026-07-01_(1)_生活场景替换版.png","draft_needs_price_specs"
